"sample.id","name","Genus","Seqs_pr_taxon","Total_seqs","Prcnt_seqs","Family","Order","Rank","taxonomy_lvl"
"14","Hydrophyllum fendleri","Hydrophyllum",11717,69233,16.9240102263372,"Hydrophyllaceae","Boraginales","species",NA
"14","Hydrophyllum capitatum","Hydrophyllum",8250,69233,11.9162826975575,"Hydrophyllaceae","Boraginales","species",NA
"14","Taraxacum officinale","Taraxacum",1671,69233,2.41358889546892,"Asteraceae","Asterales","species",NA
"14","Mertensia fusiformis","Mertensia",1469,69233,2.12182051911661,"Boraginaceae","Boraginales","species",NA
"14","Lupinus argenteus","Lupinus",1058,69233,1.52817298109283,"Fabaceae","Fabales","species",NA
"14","Mertensia ciliata","Mertensia",812,69233,1.17285109702021,"Boraginaceae","Boraginales","species",NA
"14","Chamaenerion angustifolium","Chamaenerion",664,69233,0.959080207415539,"Onagraceae","Myrtales","species",NA
"15","Taraxacum officinale","Taraxacum",10424,74768,13.9417932805478,"Asteraceae","Asterales","species",NA
"15","Hydrophyllum fendleri","Hydrophyllum",2213,74768,2.95982238390755,"Hydrophyllaceae","Boraginales","species",NA
"17","Lupinus argenteus","Lupinus",182233,484682,37.5984666234768,"Fabaceae","Fabales","species",NA
"17",NA,NA,137873,484682,28.4460739206325,"Asteraceae","Asterales","species",NA
"17","Lupinus sericeus","Lupinus",131686,484682,27.1695668500171,"Fabaceae","Fabales","species",NA
"17","Taraxacum officinale","Taraxacum",4575,484682,0.943917867797855,"Asteraceae","Asterales","species",NA
"18","Lupinus argenteus","Lupinus",115509,595570,19.3946975166647,"Fabaceae","Fabales","species",NA
"18","Mertensia fusiformis","Mertensia",100038,595570,16.7970179827728,"Boraginaceae","Boraginales","species",NA
"18",NA,NA,61187,595570,10.2736873919103,"Asteraceae","Asterales","species",NA
"18","Lupinus sericeus","Lupinus",58766,595570,9.86718605705459,"Fabaceae","Fabales","species",NA
"18","Mertensia ciliata","Mertensia",31354,595570,5.26453649445069,"Boraginaceae","Boraginales","species",NA
"19","Hydrophyllum capitatum","Hydrophyllum",22933,154482,14.8450952214497,"Hydrophyllaceae","Boraginales","species",NA
"19","Hydrophyllum fendleri","Hydrophyllum",11233,154482,7.27139731489753,"Hydrophyllaceae","Boraginales","species",NA
"19","Lupinus argenteus","Lupinus",1789,154482,1.15806372263435,"Fabaceae","Fabales","species",NA
"19","Chamaenerion angustifolium","Chamaenerion",1412,154482,0.914022345645447,"Onagraceae","Myrtales","species",NA
"19",NA,NA,1185,154482,0.767079659766186,"Asteraceae","Asterales","species",NA
"19","Lupinus sericeus","Lupinus",1129,154482,0.730829481751919,"Fabaceae","Fabales","species",NA
"20","Mertensia fusiformis","Mertensia",15244,49733,30.6516799710454,"Boraginaceae","Boraginales","species",NA
"20","Mertensia ciliata","Mertensia",15152,49733,30.4666921360063,"Boraginaceae","Boraginales","species",NA
"20","Lupinus argenteus","Lupinus",3852,49733,7.74536022359399,"Fabaceae","Fabales","species",NA
"20","Hydrophyllum fendleri","Hydrophyllum",3119,49733,6.27148975529327,"Hydrophyllaceae","Boraginales","species",NA
"20","Lupinus sericeus","Lupinus",947,49733,1.90416825850039,"Fabaceae","Fabales","species",NA
"20","Taraxacum officinale","Taraxacum",703,49733,1.41354834817928,"Asteraceae","Asterales","species",NA
"21","Hydrophyllum fendleri","Hydrophyllum",17841,28613,62.3527767098871,"Hydrophyllaceae","Boraginales","species",NA
"21","Hydrophyllum capitatum","Hydrophyllum",987,28613,3.44948100513753,"Hydrophyllaceae","Boraginales","species",NA
"21","Lupinus argenteus","Lupinus",466,28613,1.62863034285115,"Fabaceae","Fabales","species",NA
"21","Lupinus sericeus","Lupinus",341,28613,1.19176598049837,"Fabaceae","Fabales","species",NA
"21","Taraxacum officinale","Taraxacum",332,28613,1.16031174640897,"Asteraceae","Asterales","species",NA
"21","Mertensia fusiformis","Mertensia",290,28613,1.01352532065844,"Boraginaceae","Boraginales","species",NA
"22","Lupinus argenteus","Lupinus",4,32,12.5,"Fabaceae","Fabales","species",NA
"22","Mertensia ciliata","Mertensia",2,32,6.25,"Boraginaceae","Boraginales","species",NA
"22","Lupinus sericeus","Lupinus",2,32,6.25,"Fabaceae","Fabales","species",NA
"22","Hydrophyllum fendleri","Hydrophyllum",2,32,6.25,"Hydrophyllaceae","Boraginales","species",NA
"22","Mertensia fusiformis","Mertensia",1,32,3.125,"Boraginaceae","Boraginales","species",NA
"24","Taraxacum officinale","Taraxacum",430,11984,3.58811748998665,"Asteraceae","Asterales","species",NA
"24","Dasiphora fruticosa","Dasiphora",150,11984,1.25166889185581,"Rosaceae","Rosales","species",NA
"25","Taraxacum officinale","Taraxacum",464,54231,0.85559919603179,"Asteraceae","Asterales","species",NA
"25","Dasiphora fruticosa","Dasiphora",257,54231,0.473898692629677,"Rosaceae","Rosales","species",NA
"26","Taraxacum officinale","Taraxacum",8434,388389,2.17153420925927,"Asteraceae","Asterales","species",NA
"26","Hydrophyllum capitatum","Hydrophyllum",2375,388389,0.611500325704384,"Hydrophyllaceae","Boraginales","species",NA
"27","Lupinus argenteus","Lupinus",429,58087,0.738547351386713,"Fabaceae","Fabales","species",NA
"27","Lupinus sericeus","Lupinus",368,58087,0.633532459930793,"Fabaceae","Fabales","species",NA
"27","Hydrophyllum capitatum","Hydrophyllum",360,58087,0.619760015149689,"Hydrophyllaceae","Boraginales","species",NA
"29","Agastache pallidiflora","Agastache",50577,202110,25.0244916134778,"Lamiaceae","Lamiales","species",NA
"29","Lupinus argenteus","Lupinus",3647,202110,1.80446291623373,"Fabaceae","Fabales","species",NA
"29","Helianthella quinquenervis","Helianthella",2908,202110,1.4388204443125,"Asteraceae","Asterales","species",NA
"30","Lupinus argenteus","Lupinus",60731,283698,21.4069186247348,"Fabaceae","Fabales","species",NA
"33","Mertensia ciliata","Mertensia",14,199,7.03517587939699,"Boraginaceae","Boraginales","species",NA
"33","Hydrophyllum fendleri","Hydrophyllum",5,199,2.51256281407035,"Hydrophyllaceae","Boraginales","species",NA
"33","Lupinus argenteus","Lupinus",4,199,2.01005025125628,"Fabaceae","Fabales","species",NA
"35","Dasiphora fruticosa","Dasiphora",1633,186141,0.877291945353254,"Rosaceae","Rosales","species",NA
"35","Mertensia fusiformis","Mertensia",1385,186141,0.744059610725203,"Boraginaceae","Boraginales","species",NA
"35","Lupinus argenteus","Lupinus",1230,186141,0.660789401582671,"Fabaceae","Fabales","species",NA
"36","Lupinus argenteus","Lupinus",7443,58361,12.7533798255684,"Fabaceae","Fabales","species",NA
"36","Lupinus sericeus","Lupinus",7133,58361,12.2222031836329,"Fabaceae","Fabales","species",NA
"36","Hydrophyllum fendleri","Hydrophyllum",3881,58361,6.64998886242525,"Hydrophyllaceae","Boraginales","species",NA
"36",NA,NA,3344,58361,5.72985384074982,"Asteraceae","Asterales","species",NA
"36","Mertensia ciliata","Mertensia",1915,58361,3.28130086873083,"Boraginaceae","Boraginales","species",NA
"38","Hydrophyllum fendleri","Hydrophyllum",35190,142535,24.6886729575192,"Hydrophyllaceae","Boraginales","species",NA
"38","Hydrophyllum capitatum","Hydrophyllum",4583,142535,3.21535061563826,"Hydrophyllaceae","Boraginales","species",NA
"38","Taraxacum officinale","Taraxacum",894,142535,0.627214368400744,"Asteraceae","Asterales","species",NA
"38","Lupinus argenteus","Lupinus",872,142535,0.611779562914372,"Fabaceae","Fabales","species",NA
"39","Lupinus argenteus","Lupinus",564,97112,0.580772716039212,"Fabaceae","Fabales","species",NA
"39","Lupinus sericeus","Lupinus",557,97112,0.573564544031634,"Fabaceae","Fabales","species",NA
"40","Lupinus argenteus","Lupinus",67212,711896,9.4412667018778,"Fabaceae","Fabales","species",NA
"40","Lupinus sericeus","Lupinus",50775,711896,7.13236203040894,"Fabaceae","Fabales","species",NA
"40",NA,NA,49375,711896,6.93570409160889,"Asteraceae","Asterales","species",NA
"40","Hydrophyllum fendleri","Hydrophyllum",18924,711896,2.65825345275153,"Hydrophyllaceae","Boraginales","species",NA
"40","Vicia americana","Vicia",18878,711896,2.65179183476238,"Fabaceae","Fabales","species",NA
"40","Taraxacum officinale","Taraxacum",10395,711896,1.46018519559037,"Asteraceae","Asterales","species",NA
"41","Mertensia fusiformis","Mertensia",150661,470206,32.0414881987895,"Boraginaceae","Boraginales","species",NA
"41","Lupinus argenteus","Lupinus",111561,470206,23.7259839304475,"Fabaceae","Fabales","species",NA
"41","Mertensia ciliata","Mertensia",103286,470206,21.9661169785158,"Boraginaceae","Boraginales","species",NA
"42","Mertensia fusiformis","Mertensia",1923,64982,2.95928103167031,"Boraginaceae","Boraginales","species",NA
"42","Scabrethia scabra","Scabrethia",1444,64982,2.22215382721369,"Asteraceae","Asterales","species",NA
"42","Lupinus argenteus","Lupinus",996,64982,1.53273214120833,"Fabaceae","Fabales","species",NA
"43","Mertensia ciliata","Mertensia",47890,116764,41.0143537391662,"Boraginaceae","Boraginales","species",NA
"43","Mertensia fusiformis","Mertensia",25696,116764,22.0067829125415,"Boraginaceae","Boraginales","species",NA
"43","Hydrophyllum fendleri","Hydrophyllum",11728,116764,10.0441917029221,"Hydrophyllaceae","Boraginales","species",NA
"43","Lupinus argenteus","Lupinus",9203,116764,7.88171011613168,"Fabaceae","Fabales","species",NA
"43","Lupinus sericeus","Lupinus",2043,116764,1.74968312151005,"Fabaceae","Fabales","species",NA
"43","Taraxacum officinale","Taraxacum",1271,116764,1.08852043438046,"Asteraceae","Asterales","species",NA
"44","Mertensia ciliata","Mertensia",46642,217810,21.4140764886828,"Boraginaceae","Boraginales","species",NA
"44","Mertensia fusiformis","Mertensia",26769,217810,12.2900693264772,"Boraginaceae","Boraginales","species",NA
"44","Lupinus argenteus","Lupinus",9209,217810,4.22799687801295,"Fabaceae","Fabales","species",NA
"44","Lupinus sericeus","Lupinus",2421,217810,1.11151921399385,"Fabaceae","Fabales","species",NA
"45","Hydrophyllum fendleri","Hydrophyllum",9,96,9.375,"Hydrophyllaceae","Boraginales","species",NA
"45","Lupinus argenteus","Lupinus",8,96,8.33333333333333,"Fabaceae","Fabales","species",NA
"45",NA,NA,6,96,6.25,"Asteraceae","Asterales","species",NA
"45","Agastache pallidiflora","Agastache",3,96,3.125,"Lamiaceae","Lamiales","species",NA
"46","Lupinus argenteus","Lupinus",20826,866711,2.40287708359534,"Fabaceae","Fabales","species",NA
"46","Hydrophyllum fendleri","Hydrophyllum",8129,866711,0.937913560575555,"Hydrophyllaceae","Boraginales","species",NA
"46","Lupinus sericeus","Lupinus",2749,866711,0.317176082915759,"Fabaceae","Fabales","species",NA
"49","Delphinium barbeyi","Delphinium",29330,51672,56.7618826443722,"Ranunculaceae","Ranunculales","species",NA
"49","Vicia americana","Vicia",419,51672,0.810884037776746,"Fabaceae","Fabales","species",NA
"51","Helianthella quinquenervis","Helianthella",309,51753,0.597066836705119,"Asteraceae","Asterales","species",NA
"51","Dasiphora fruticosa","Dasiphora",282,51753,0.544895948060982,"Rosaceae","Rosales","species",NA
"52","Lupinus argenteus","Lupinus",34207,134754,25.3847752200306,"Fabaceae","Fabales","species",NA
"52","Lupinus sericeus","Lupinus",29229,134754,21.6906362705374,"Fabaceae","Fabales","species",NA
"52",NA,NA,22971,134754,17.0466182822031,"Asteraceae","Asterales","species",NA
"52","Scabrethia scabra","Scabrethia",2788,134754,2.06895528147587,"Asteraceae","Asterales","species",NA
"54","Hydrophyllum fendleri","Hydrophyllum",7316,47385,15.4394850691147,"Hydrophyllaceae","Boraginales","species",NA
"54","Lupinus argenteus","Lupinus",2614,47385,5.51651366466181,"Fabaceae","Fabales","species",NA
"54","Lupinus sericeus","Lupinus",2373,47385,5.00791389680279,"Fabaceae","Fabales","species",NA
"54",NA,NA,1942,47385,4.09834335760262,"Asteraceae","Asterales","species",NA
"54","Scabrethia scabra","Scabrethia",1770,47385,3.73535929091485,"Asteraceae","Asterales","species",NA
"55","Mertensia fusiformis","Mertensia",168993,464609,36.3731653928357,"Boraginaceae","Boraginales","species",NA
"55","Lupinus argenteus","Lupinus",71817,464609,15.4575137373577,"Fabaceae","Fabales","species",NA
"55","Mertensia ciliata","Mertensia",46366,464609,9.97957422262591,"Boraginaceae","Boraginales","species",NA
"55",NA,NA,9273,464609,1.99587179757603,"Asteraceae","Asterales","species",NA
"56","Lupinus argenteus","Lupinus",43294,242538,17.8503987004098,"Fabaceae","Fabales","species",NA
"56",NA,NA,35522,242538,14.6459523868425,"Asteraceae","Asterales","species",NA
"56","Lupinus sericeus","Lupinus",33555,242538,13.8349454518467,"Fabaceae","Fabales","species",NA
"56","Hydrophyllum fendleri","Hydrophyllum",21700,242538,8.94705159603856,"Hydrophyllaceae","Boraginales","species",NA
"56","Hydrophyllum capitatum","Hydrophyllum",3123,242538,1.28763327808426,"Hydrophyllaceae","Boraginales","species",NA
"56","Mertensia ciliata","Mertensia",1406,242538,0.579702974379273,"Boraginaceae","Boraginales","species",NA
"60","Lupinus argenteus","Lupinus",43576,209505,20.7995035917997,"Fabaceae","Fabales","species",NA
"60","Lupinus sericeus","Lupinus",35019,209505,16.7151141977518,"Fabaceae","Fabales","species",NA
"60",NA,NA,32024,209505,15.2855540440562,"Asteraceae","Asterales","species",NA
"60","Hydrophyllum fendleri","Hydrophyllum",26464,209505,12.6316794348584,"Hydrophyllaceae","Boraginales","species",NA
"60","Mertensia ciliata","Mertensia",3664,209505,1.74888427483831,"Boraginaceae","Boraginales","species",NA
"60","Hydrophyllum capitatum","Hydrophyllum",2734,209505,1.30498078804802,"Hydrophyllaceae","Boraginales","species",NA
"65","Mertensia ciliata","Mertensia",45265,130796,34.6073274412062,"Boraginaceae","Boraginales","species",NA
"65","Mertensia fusiformis","Mertensia",25768,130796,19.700908284657,"Boraginaceae","Boraginales","species",NA
"65","Hydrophyllum fendleri","Hydrophyllum",10493,130796,8.02241658766323,"Hydrophyllaceae","Boraginales","species",NA
"65","Lupinus argenteus","Lupinus",8942,130796,6.83660050766079,"Fabaceae","Fabales","species",NA
"65","Lupinus sericeus","Lupinus",2001,130796,1.52986329857182,"Fabaceae","Fabales","species",NA
"17","Mertensia brevistyla","Mertensia",5704,484682,1.17685410227737,"Boraginaceae","Boraginales","species",NA
"17","Mertensia brevistyla","Mertensia",1706,484682,0.351983362287025,"Boraginaceae","Boraginales","species",NA
"18","Vaccinium scoparium","Vaccinium",89055,595570,14.9529022616989,"Ericaceae","Ericales","species",NA
"22","Delphinium nuttallianum","Delphinium",4,32,12.5,"Ranunculaceae","Ranunculales","species",NA
"22","Delphinium nuttallianum","Delphinium",3,32,9.375,"Ranunculaceae","Ranunculales","species",NA
"23","Delphinium nuttallianum","Delphinium",38910,66778,58.2676929527689,"Ranunculaceae","Ranunculales","species",NA
"23","Delphinium nuttallianum","Delphinium",11475,66778,17.1838030489083,"Ranunculaceae","Ranunculales","species",NA
"23","Delphinium nuttallianum","Delphinium",6116,66778,9.15870496271227,"Ranunculaceae","Ranunculales","species",NA
"23","Aquilegia elegantula","Aquilegia",367,66778,0.549582197729791,"Ranunculaceae","Ranunculales","species",NA
"24","Delphinium nuttallianum","Delphinium",5159,11984,43.0490654205608,"Ranunculaceae","Ranunculales","species",NA
"24","Delphinium nuttallianum","Delphinium",3219,11984,26.8608144192256,"Ranunculaceae","Ranunculales","species",NA
"24","Delphinium nuttallianum","Delphinium",1652,11984,13.785046728972,"Ranunculaceae","Ranunculales","species",NA
"24","Aquilegia elegantula","Aquilegia",96,11984,0.801068090787717,"Ranunculaceae","Ranunculales","species",NA
"25","Delphinium nuttallianum","Delphinium",24321,54231,44.8470432040715,"Ranunculaceae","Ranunculales","species",NA
"25","Delphinium nuttallianum","Delphinium",14397,54231,26.5475466061847,"Ranunculaceae","Ranunculales","species",NA
"25","Delphinium nuttallianum","Delphinium",8440,54231,15.5630543416127,"Ranunculaceae","Ranunculales","species",NA
"25","Aquilegia elegantula","Aquilegia",411,54231,0.757869115450573,"Ranunculaceae","Ranunculales","species",NA
"26","Delphinium nuttallianum","Delphinium",171585,388389,44.1786456362049,"Ranunculaceae","Ranunculales","species",NA
"26","Delphinium nuttallianum","Delphinium",108982,388389,28.0600119982801,"Ranunculaceae","Ranunculales","species",NA
"26","Delphinium nuttallianum","Delphinium",52942,388389,13.6311790498701,"Ranunculaceae","Ranunculales","species",NA
"26","Aquilegia elegantula","Aquilegia",2618,388389,0.674066464292243,"Ranunculaceae","Ranunculales","species",NA
"27","Delphinium nuttallianum","Delphinium",25682,58087,44.2129908585398,"Ranunculaceae","Ranunculales","species",NA
"27","Delphinium nuttallianum","Delphinium",16430,58087,28.2851584691928,"Ranunculaceae","Ranunculales","species",NA
"27","Delphinium nuttallianum","Delphinium",7556,58087,13.0080740957529,"Ranunculaceae","Ranunculales","species",NA
"27","Thalictrum fendleri","Thalictrum",540,58087,0.929640022724534,"Ranunculaceae","Ranunculales","species",NA
"28","Delphinium nuttallianum","Delphinium",33218,71828,46.2465890738988,"Ranunculaceae","Ranunculales","species",NA
"28","Delphinium nuttallianum","Delphinium",19779,71828,27.5366152475358,"Ranunculaceae","Ranunculales","species",NA
"28","Delphinium nuttallianum","Delphinium",10354,71828,14.4149913682686,"Ranunculaceae","Ranunculales","species",NA
"28","Thalictrum fendleri","Thalictrum",604,71828,0.840897700061257,"Ranunculaceae","Ranunculales","species",NA
"28","Aquilegia elegantula","Aquilegia",379,71828,0.527649384641087,"Ranunculaceae","Ranunculales","species",NA
"28","Thalictrum fendleri","Thalictrum",338,71828,0.470568580497856,"Ranunculaceae","Ranunculales","species",NA
"29","Delphinium nuttallianum","Delphinium",35781,202110,17.703725693929,"Ranunculaceae","Ranunculales","species",NA
"29","Delphinium nuttallianum","Delphinium",12449,202110,6.15951709465143,"Ranunculaceae","Ranunculales","species",NA
"29","Delphinium nuttallianum","Delphinium",7561,202110,3.74103211122656,"Ranunculaceae","Ranunculales","species",NA
"29","Phlox multiflora","Phlox",2701,202110,1.33640096976894,"Polemoniaceae","Ericales","species",NA
"30","Mertensia brevistyla","Mertensia",75167,283698,26.495428237069,"Boraginaceae","Boraginales","species",NA
"30","Mertensia brevistyla","Mertensia",43984,283698,15.5038103899217,"Boraginaceae","Boraginales","species",NA
"30","Delphinium nuttallianum","Delphinium",29197,283698,10.2915776635718,"Ranunculaceae","Ranunculales","species",NA
"30","Delphinium nuttallianum","Delphinium",16705,283698,5.88830375963172,"Ranunculaceae","Ranunculales","species",NA
"30","Delphinium nuttallianum","Delphinium",9348,283698,3.2950531903644,"Ranunculaceae","Ranunculales","species",NA
"32","Delphinium nuttallianum","Delphinium",60568,134997,44.8661822114566,"Ranunculaceae","Ranunculales","species",NA
"32","Delphinium nuttallianum","Delphinium",36104,134997,26.7442980214375,"Ranunculaceae","Ranunculales","species",NA
"32","Delphinium nuttallianum","Delphinium",18758,134997,13.8951235953392,"Ranunculaceae","Ranunculales","species",NA
"32","Thalictrum fendleri","Thalictrum",1010,134997,0.748164774032016,"Ranunculaceae","Ranunculales","species",NA
"33","Delphinium nuttallianum","Delphinium",46,199,23.1155778894472,"Ranunculaceae","Ranunculales","species",NA
"33","Delphinium nuttallianum","Delphinium",46,199,23.1155778894472,"Ranunculaceae","Ranunculales","species",NA
"33","Thalictrum fendleri","Thalictrum",16,199,8.04020100502512,"Ranunculaceae","Ranunculales","species",NA
"33","Aquilegia elegantula","Aquilegia",5,199,2.51256281407035,"Ranunculaceae","Ranunculales","species",NA
"35","Delphinium nuttallianum","Delphinium",85758,186141,46.0715264235177,"Ranunculaceae","Ranunculales","species",NA
"35","Delphinium nuttallianum","Delphinium",52577,186141,28.2457921683025,"Ranunculaceae","Ranunculales","species",NA
"35","Delphinium nuttallianum","Delphinium",22507,186141,12.0913715946514,"Ranunculaceae","Ranunculales","species",NA
"36","Delphinium nuttallianum","Delphinium",14672,58361,25.1400764208975,"Ranunculaceae","Ranunculales","species",NA
"36","Delphinium nuttallianum","Delphinium",8676,58361,14.8660920820411,"Ranunculaceae","Ranunculales","species",NA
"39","Delphinium nuttallianum","Delphinium",43268,97112,44.5547409177033,"Ranunculaceae","Ranunculales","species",NA
"39","Delphinium nuttallianum","Delphinium",27127,97112,27.9337260070846,"Ranunculaceae","Ranunculales","species",NA
"39","Delphinium nuttallianum","Delphinium",12847,97112,13.2290551116237,"Ranunculaceae","Ranunculales","species",NA
"39","Thalictrum fendleri","Thalictrum",783,97112,0.806285525990609,"Ranunculaceae","Ranunculales","species",NA
"42","Delphinium nuttallianum","Delphinium",19977,64982,30.7423594226093,"Ranunculaceae","Ranunculales","species",NA
"42","Delphinium nuttallianum","Delphinium",15551,64982,23.9312424979225,"Ranunculaceae","Ranunculales","species",NA
"42","Delphinium nuttallianum","Delphinium",4772,64982,7.34357206611062,"Ranunculaceae","Ranunculales","species",NA
"44","Delphinium nuttallianum","Delphinium",49561,217810,22.7542353427299,"Ranunculaceae","Ranunculales","species",NA
"44","Delphinium nuttallianum","Delphinium",33866,217810,15.5484137551077,"Ranunculaceae","Ranunculales","species",NA
"44","Delphinium nuttallianum","Delphinium",12683,217810,5.8229649694688,"Ranunculaceae","Ranunculales","species",NA
"44","Epilobium anagallidifolium","Epilobium",6420,217810,2.94752307056609,"Onagraceae","Myrtales","species",NA
"45","Mertensia brevistyla","Mertensia",7,96,7.29166666666667,"Boraginaceae","Boraginales","species",NA
"45","Mertensia brevistyla","Mertensia",3,96,3.125,"Boraginaceae","Boraginales","species",NA
"46","Mertensia brevistyla","Mertensia",49499,866711,5.71113093061009,"Boraginaceae","Boraginales","species",NA
"46","Mertensia brevistyla","Mertensia",18740,866711,2.16219708761052,"Boraginaceae","Boraginales","species",NA
"51","Delphinium nuttallianum","Delphinium",25209,51753,48.7102196974088,"Ranunculaceae","Ranunculales","species",NA
"51","Delphinium nuttallianum","Delphinium",11957,51753,23.1039746488126,"Ranunculaceae","Ranunculales","species",NA
"51","Delphinium nuttallianum","Delphinium",5578,51753,10.7781191428516,"Ranunculaceae","Ranunculales","species",NA
"51","Aquilegia elegantula","Aquilegia",238,51753,0.459876722122389,"Ranunculaceae","Ranunculales","species",NA
"52","Mertensia brevistyla","Mertensia",5610,134754,4.16314172492097,"Boraginaceae","Boraginales","species",NA
"52","Delphinium nuttallianum","Delphinium",2890,134754,2.14464876738353,"Ranunculaceae","Ranunculales","species",NA
"52","Delphinium nuttallianum","Delphinium",2630,134754,1.95170458761892,"Ranunculaceae","Ranunculales","species",NA
"52","Mertensia brevistyla","Mertensia",2447,134754,1.8159015687846,"Boraginaceae","Boraginales","species",NA
"55","Delphinium nuttallianum","Delphinium",38964,464609,8.3864066343958,"Ranunculaceae","Ranunculales","species",NA
"55","Delphinium nuttallianum","Delphinium",23212,464609,4.99602891894044,"Ranunculaceae","Ranunculales","species",NA
"55","Delphinium nuttallianum","Delphinium",9325,464609,2.00706400435635,"Ranunculaceae","Ranunculales","species",NA
"14","Nemophila breviflora","Nemophila",543,69233,0.784308061184695,NA,NA,"species",NA
"15","Pseudognaphalium macounii","Pseudognaphalium",4755,74768,6.35967258720308,NA,NA,"species",NA
"15","Cynoglossum officinale","Cynoglossum",2671,74768,3.57238390755403,NA,NA,"species",NA
"15","Crataegus erythropoda","Crataegus",1888,74768,2.52514444682217,NA,NA,"species",NA
"17","Salix sp.","Salix",2359,484682,0.486710874346479,NA,NA,"species",NA
"18","Salix sp.","Salix",61976,595570,10.4061655221049,NA,NA,"species",NA
"18","Cynoglossum officinale","Cynoglossum",9793,595570,1.64430713434189,NA,NA,"species",NA
"18","Gaultheria humifusa","Gaultheria",7709,595570,1.29439024799772,NA,NA,"species",NA
"19","Nemophila breviflora","Nemophila",1216,154482,0.787146722595513,NA,NA,"species",NA
"19","Pseudognaphalium macounii","Pseudognaphalium",836,154482,0.541163371784415,NA,NA,"species",NA
"20","Parnassia fimbriata","Parnassia",3806,49733,7.65286630607444,NA,NA,"species",NA
"21","Parnassia fimbriata","Parnassia",1759,28613,6.14755530702827,NA,NA,"species",NA
"22","Parnassia fimbriata","Parnassia",5,32,15.625,NA,NA,"species",NA
"23","Caltha leptosepala","Caltha",525,66778,0.786187067597113,NA,NA,"species",NA
"23","Lithophragma glabrum","Lithophragma",482,66778,0.721794603012968,NA,NA,"species",NA
"24","Caltha leptosepala","Caltha",147,11984,1.22663551401869,NA,NA,"species",NA
"24","Parnassia fimbriata","Parnassia",119,11984,0.992990654205607,NA,NA,"species",NA
"24","Taraxacum campylodes","Taraxacum",85,11984,0.709279038718291,NA,NA,"species",NA
"25","Caltha leptosepala","Caltha",593,54231,1.0934705242389,NA,NA,"species",NA
"25","Parnassia fimbriata","Parnassia",364,54231,0.671202817576663,NA,NA,"species",NA
"26","Caltha leptosepala","Caltha",4126,388389,1.06233698688686,NA,NA,"species",NA
"27","Parnassia fimbriata","Parnassia",713,58087,1.22746914111591,NA,NA,"species",NA
"27","Caltha leptosepala","Caltha",459,58087,0.790194019315854,NA,NA,"species",NA
"28","Caltha leptosepala","Caltha",721,71828,1.00378682407975,NA,NA,"species",NA
"28","Cynoglossum officinale","Cynoglossum",713,71828,0.99264910619814,NA,NA,"species",NA
"28","Salix sp.","Salix",345,71828,0.480314083644261,NA,NA,"species",NA
"29","Salix sp.","Salix",2572,202110,1.27257434070556,NA,NA,"species",NA
"29","Cynoglossum officinale","Cynoglossum",2431,202110,1.20281035079907,NA,NA,"species",NA
"30","Cynoglossum officinale","Cynoglossum",11756,283698,4.14384310076208,NA,NA,"species",NA
"30","Cynoglossum officinale","Cynoglossum",6222,283698,2.19317725186642,NA,NA,"species",NA
"30","Cynoglossum officinale","Cynoglossum",5931,283698,2.09060338810989,NA,NA,"species",NA
"32","Cynoglossum officinale","Cynoglossum",1638,134997,1.21336029689549,NA,NA,"species",NA
"32","Caltha leptosepala","Caltha",1328,134997,0.983725564271799,NA,NA,"species",NA
"32","Salix sp.","Salix",1294,134997,0.958539819403394,NA,NA,"species",NA
"33","Salix sp.","Salix",20,199,10.0502512562814,NA,NA,"species",NA
"35","Caltha leptosepala","Caltha",1498,186141,0.804766279325887,NA,NA,"species",NA
"36","Cynoglossum officinale","Cynoglossum",1239,58361,2.12299309470365,NA,NA,"species",NA
"36","Salix sp.","Salix",1127,58361,1.93108411439146,NA,NA,"species",NA
"38","Nemophila breviflora","Nemophila",1441,142535,1.01097975935735,NA,NA,"species",NA
"38","Cynoglossum officinale","Cynoglossum",748,142535,0.52478338653664,NA,NA,"species",NA
"38","Salix sp.","Salix",662,142535,0.464447328726278,NA,NA,"species",NA
"39","Caltha leptosepala","Caltha",862,97112,0.887634895790428,NA,NA,"species",NA
"41","Cynoglossum officinale","Cynoglossum",20655,470206,4.3927555156676,NA,NA,"species",NA
"41","Cynoglossum officinale","Cynoglossum",13058,470206,2.7770806837854,NA,NA,"species",NA
"41","Cynoglossum officinale","Cynoglossum",10738,470206,2.28367991901422,NA,NA,"species",NA
"41","Lithophragma glabrum","Lithophragma",4938,470206,1.05017800708626,NA,NA,"species",NA
"42","Arenaria lanuginosa","Arenaria",2011,64982,3.09470314856422,NA,NA,"species",NA
"42","Holodiscus dumosus","Holodiscus",1565,64982,2.40835923794282,NA,NA,"species",NA
"42","Sagina saginoides","Sagina",1338,64982,2.05903173186421,NA,NA,"species",NA
"43","Cynoglossum officinale","Cynoglossum",838,116764,0.717686958309068,NA,NA,"species",NA
"45","Salix sp.","Salix",23,96,23.9583333333333,NA,NA,"species",NA
"46","Salix sp.","Salix",697765,866711,80.5072278994959,NA,NA,"species",NA
"46","Cynoglossum officinale","Cynoglossum",3661,866711,0.422401469463293,NA,NA,"species",NA
"46","Cynoglossum officinale","Cynoglossum",2560,866711,0.295369506098342,NA,NA,"species",NA
"49","Lithophragma glabrum","Lithophragma",452,51672,0.874748413067038,NA,NA,"species",NA
"49","Arenaria lanuginosa","Arenaria",432,51672,0.836042731072921,NA,NA,"species",NA
"49","Caltha leptosepala","Caltha",278,51672,0.538008979718223,NA,NA,"species",NA
"51","Lithophragma glabrum","Lithophragma",556,51753,1.07433385504222,NA,NA,"species",NA
"51","Caltha leptosepala","Caltha",413,51753,0.798021370741793,NA,NA,"species",NA
"52","Arenaria lanuginosa","Arenaria",3205,134754,2.37840806209834,NA,NA,"species",NA
"54","Arenaria lanuginosa","Arenaria",2947,47385,6.21926770074918,NA,NA,"species",NA
"54","Holodiscus dumosus","Holodiscus",2652,47385,5.59670781893004,NA,NA,"species",NA
"54","Sagina saginoides","Sagina",2356,47385,4.97203756463016,NA,NA,"species",NA
"54","Minuartia macrantha","Minuartia",1460,47385,3.08114382188456,NA,NA,"species",NA
"55","Cynoglossum officinale","Cynoglossum",15251,464609,3.28254510782185,NA,NA,"species",NA
"55","Cynoglossum officinale","Cynoglossum",9509,464609,2.04666719757904,NA,NA,"species",NA
"56","Nemophila breviflora","Nemophila",1522,242538,0.627530531298188,NA,NA,"species",NA
"65","Cynoglossum officinale","Cynoglossum",3899,130796,2.98097801155999,NA,NA,"species",NA
"65","Salix sp.","Salix",2926,130796,2.23707147007554,NA,NA,"species",NA
"32","Aquilegia sp.","Aquilegia",711,134997,0.526678370630459,NA,NA,"genus",NA
"35","Aquilegia sp.","Aquilegia",1169,186141,0.628018545081417,NA,NA,"genus",NA
"39","Aquilegia sp.","Aquilegia",697,97112,0.717727984183211,NA,NA,"genus",NA
"40","Aquilegia sp.","Aquilegia",355254,711896,49.9025138503377,NA,NA,"genus",NA
"49","Aquilegia sp.","Aquilegia",194,51672,0.375445115342932,NA,NA,"genus",NA
"60","Aquilegia sp.","Aquilegia",2031,209505,0.969427937280733,NA,NA,"genus",NA
"17","Astragalus sp.","Astragalus",1477,484682,0.304735888685778,NA,NA,"genus",NA
"29","Campanula sp.","Campanula",2700,202110,1.33590618969868,NA,NA,"genus",NA
"15","Cirsium sp.","Cirsium",1628,74768,2.17740209715386,NA,NA,"genus",NA
"49","Delphinium sp.","Delphinium",9025,51672,17.4659389998452,NA,NA,"genus",NA
"49","Delphinium sp.","Delphinium",4484,51672,8.67781390308097,NA,NA,"genus",NA
"15","Epilobium sp.","Epilobium",27027,74768,36.1478172480205,NA,NA,"genus",NA
"19","Epilobium sp.","Epilobium",3918,154482,2.5362178117839,NA,NA,"genus",NA
"43","Epilobium sp.","Epilobium",2953,116764,2.52903292110582,NA,NA,"genus",NA
"17","Erigeron sp.","Erigeron",3194,484682,0.658988780272426,NA,NA,"genus",NA
"20","Erigeron sp.","Erigeron",1379,49733,2.77280678824925,NA,NA,"genus",NA
"21","Erigeron sp.","Erigeron",300,28613,1.04847446964666,NA,NA,"genus",NA
"30","Erigeron sp.","Erigeron",7109,283698,2.50583366819646,NA,NA,"genus",NA
"36","Erigeron sp.","Erigeron",1316,58361,2.25493051866829,NA,NA,"genus",NA
"38","Erigeron sp.","Erigeron",567,142535,0.397797032307854,NA,NA,"genus",NA
"41","Erigeron sp.","Erigeron",13861,470206,2.9478568967644,NA,NA,"genus",NA
"43","Erigeron sp.","Erigeron",3765,116764,3.22445274228358,NA,NA,"genus",NA
"44","Erigeron sp.","Erigeron",4119,217810,1.8910977457417,NA,NA,"genus",NA
"45","Erigeron sp.","Erigeron",7,96,7.29166666666667,NA,NA,"genus",NA
"46","Erigeron sp.","Erigeron",3815,866711,0.440169791314521,NA,NA,"genus",NA
"52","Erigeron sp.","Erigeron",2125,134754,1.57694762307612,NA,NA,"genus",NA
"56","Erigeron sp.","Erigeron",1669,242538,0.688139590497159,NA,NA,"genus",NA
"60","Erigeron sp.","Erigeron",1347,209505,0.642944082480132,NA,NA,"genus",NA
"65","Erigeron sp.","Erigeron",3931,130796,3.00544359154714,NA,NA,"genus",NA
"20","Geum sp.","Geum",821,49733,1.65081535399031,NA,NA,"genus",NA
"21","Geum sp.","Geum",298,28613,1.04148463984902,NA,NA,"genus",NA
"14","Hydrophyllum sp.","Hydrophyllum",36631,69233,52.9097395750581,NA,NA,"genus",NA
"17","Hydrophyllum sp.","Hydrophyllum",2951,484682,0.608852814835294,NA,NA,"genus",NA
"18","Hydrophyllum sp.","Hydrophyllum",7405,595570,1.24334670987457,NA,NA,"genus",NA
"19","Hydrophyllum sp.","Hydrophyllum",100294,154482,64.9227741743375,NA,NA,"genus",NA
"20","Hydrophyllum sp.","Hydrophyllum",703,49733,1.41354834817928,NA,NA,"genus",NA
"21","Hydrophyllum sp.","Hydrophyllum",4240,28613,14.8184391710062,NA,NA,"genus",NA
"22","Hydrophyllum sp.","Hydrophyllum",2,32,6.25,NA,NA,"genus",NA
"32","Hydrophyllum sp.","Hydrophyllum",1498,134997,1.10965428861382,NA,NA,"genus",NA
"33","Hydrophyllum sp.","Hydrophyllum",4,199,2.01005025125628,NA,NA,"genus",NA
"38","Hydrophyllum sp.","Hydrophyllum",91119,142535,63.9274564142141,NA,NA,"genus",NA
"39","Hydrophyllum sp.","Hydrophyllum",1537,97112,1.58270862509268,NA,NA,"genus",NA
"40","Hydrophyllum sp.","Hydrophyllum",81887,711896,11.5026633103712,NA,NA,"genus",NA
"41","Hydrophyllum sp.","Hydrophyllum",8946,470206,1.90257036277717,NA,NA,"genus",NA
"43","Hydrophyllum sp.","Hydrophyllum",2346,116764,2.00918091192491,NA,NA,"genus",NA
"46","Hydrophyllum sp.","Hydrophyllum",12889,866711,1.48711623597716,NA,NA,"genus",NA
"54","Hydrophyllum sp.","Hydrophyllum",8623,47385,18.1977419014456,NA,NA,"genus",NA
"55","Hydrophyllum sp.","Hydrophyllum",19266,464609,4.1467126121104,NA,NA,"genus",NA
"56","Hydrophyllum sp.","Hydrophyllum",87354,242538,36.0166241990946,NA,NA,"genus",NA
"60","Hydrophyllum sp.","Hydrophyllum",52263,209505,24.9459440108828,NA,NA,"genus",NA
"65","Hydrophyllum sp.","Hydrophyllum",1935,130796,1.47940303984831,NA,NA,"genus",NA
"23","Potentilla sp.","Potentilla",498,66778,0.745754589834976,NA,NA,"genus",NA
"42","Rhodiola sp.","Rhodiola",1043,64982,1.60505986273122,NA,NA,"genus",NA
"14","Symphyotrichum sp.","Symphyotrichum",2087,69233,3.01445842300637,NA,NA,"genus",NA
"22","Symphyotrichum sp.","Symphyotrichum",1,32,3.125,NA,NA,"genus",NA
"33","Symphyotrichum sp.","Symphyotrichum",10,199,5.0251256281407,NA,NA,"genus",NA
"38","Symphyotrichum sp.","Symphyotrichum",840,142535,0.589328936752377,NA,NA,"genus",NA
"45","Symphyotrichum sp.","Symphyotrichum",3,96,3.125,NA,NA,"genus",NA
"56","Symphyotrichum sp.","Symphyotrichum",1784,242538,0.735554840890912,NA,NA,"genus",NA
"26","Thalictrum sp.","Thalictrum",1921,388389,0.494607210811841,NA,NA,"genus",NA
"23","Thalictrum sp.","Thalictrum",275,66778,0.41181227350325,NA,NA,"genus",NA
"25","Thalictrum sp.","Thalictrum",328,54231,0.604820121332817,NA,NA,"genus",NA
"26","Thalictrum sp.","Thalictrum",2912,388389,0.749763767768912,NA,NA,"genus",NA
"40","Thalictrum sp.","Thalictrum",6261,711896,0.879482396305078,NA,NA,"genus",NA
"23","Trollius sp.","Trollius",552,66778,0.82661954535925,NA,NA,"genus",NA
"24","Trollius sp.","Trollius",166,11984,1.38518024032043,NA,NA,"genus",NA
"25","Trollius sp.","Trollius",947,54231,1.74623370397005,NA,NA,"genus",NA
"26","Trollius sp.","Trollius",6343,388389,1.63315644881807,NA,NA,"genus",NA
"27","Trollius sp.","Trollius",1288,58087,2.21736360975778,NA,NA,"genus",NA
"28","Trollius sp.","Trollius",939,71828,1.30728963635351,NA,NA,"genus",NA
"32","Trollius sp.","Trollius",1902,134997,1.40892019822663,NA,NA,"genus",NA
"35","Trollius sp.","Trollius",2376,186141,1.27645172208165,NA,NA,"genus",NA
"39","Trollius sp.","Trollius",1452,97112,1.4951808221435,NA,NA,"genus",NA
"44","Trollius sp.","Trollius",1432,217810,0.657453744088885,NA,NA,"genus",NA
"49","Trollius sp.","Trollius",384,51672,0.743149094287041,NA,NA,"genus",NA
"51","Trollius sp.","Trollius",453,51753,0.875311576140514,NA,NA,"genus",NA
"23","Viola sp.","Viola",3795,66778,5.68300937434484,NA,NA,"genus",NA
"35","Viola sp.","Viola",2980,186141,1.60093692415964,NA,NA,"genus",NA
"40","Viola sp.","Viola",5847,711896,0.821327834402778,NA,NA,"genus",NA
"41","Viola sp.","Viola",6718,470206,1.42873549040208,NA,NA,"genus",NA
"49","Viola sp.","Viola",3938,51672,7.62114878464159,NA,NA,"genus",NA
"51","Viola sp.","Viola",3341,51753,6.45566440592816,NA,NA,"genus",NA
"60","Viola sp.","Viola",1026,209505,0.489725782200902,NA,NA,"genus",NA
"65","Viola sp.","Viola",9913,130796,7.57897795039604,NA,NA,"genus",NA
"15","Sorbus scopulina","Hedlundia",2045,74768,2.7351273271988,NA,NA,NA,"S"
"15","Sorbus scopulina","Karpatiosorbus",4119,74768,5.50904130109138,NA,NA,NA,"S"
"15","Rosaceae","Micromeles",2106,74768,2.81671303231329,NA,NA,NA,"F"
"45","Pseudostellaria jamesiana","Odontostemma",7,96,7.29166666666667,NA,NA,NA,"S"
