"TAXON","Family","sample.id","Genus","Seqs_pr_taxon","Total_seqs","Prcnt_seqs","DATE","START_DOY","END_DOY","Condition","TAXON_NEW","species","Prcnt_Seqs_Class"
"Delphinium barbeyi","Ranunculaceae",3,"Delphinium",4681,16870,27.7474807350326,172,185,221,"G","Delphinium barbeyi","Bombus appositus",94.1671606401897
"Epilobium canum","Onagraceae",3,"Epilobium",4381,16870,25.9691760521636,172,180,229,"H","Epilobium canum","Bombus appositus",94.1671606401897
"Delphinium nuttallianum","Ranunculaceae",3,"Delphinium",3306,16870,19.5969176052164,172,154,186,"A","Delphinium nuttallianum","Bombus appositus",94.1671606401897
"Delphinium gracile","Ranunculaceae",3,"Delphinium",1059,16870,6.27741553052756,172,185,221,"H","Delphinium gracile","Bombus appositus",94.1671606401897
"Pseudognaphalium attenuatum","Asteraceae",3,"Pseudognaphalium",1045,16870,6.19442797866034,172,134,257,"B","Pseudognaphalium attenuatum","Bombus appositus",94.1671606401897
"Cynoglossum pringlei","Boraginaceae",3,"Cynoglossum",413,16870,2.44813278008299,172,134,257,"B","Cynoglossum pringlei","Bombus appositus",94.1671606401897
"Arenaria globiflora","Caryophyllaceae",3,"Arenaria",246,16870,1.45820983995258,172,134,257,"B","Arenaria globiflora","Bombus appositus",94.1671606401897
"Cirsium parryi","Asteraceae",3,"Cirsium",158,16870,0.936573799644339,172,134,257,"H","Cirsium parryi","Bombus appositus",94.1671606401897
"Karpatiosorbus devoniensis","Rosaceae",3,"Sorbus",98,16870,0.580912863070539,172,NA,NA,"None met","Sorbus scopulina","Bombus appositus",94.1671606401897
"Symphyotrichum foliaceum","Asteraceae",3,"Symphyotrichum",97,16870,0.574985180794309,172,134,257,"B","Symphyotrichum foliaceum","Bombus appositus",94.1671606401897
"Delphinium barbeyi","Ranunculaceae",4,"Delphinium",72446,166655,43.4706429450061,165,185,221,"H","Delphinium barbeyi","Bombus appositus",95.4096786775073
"Delphinium nuttallianum","Ranunculaceae",4,"Delphinium",48259,166655,28.9574270198914,165,154,186,"A","Delphinium nuttallianum","Bombus appositus",95.4096786775073
"Delphinium gracile","Ranunculaceae",4,"Delphinium",24639,166655,14.7844349104437,165,185,221,"H","Delphinium gracile","Bombus appositus",95.4096786775073
"Symphyotrichum foliaceum","Asteraceae",4,"Symphyotrichum",2995,166655,1.79712579880592,165,134,257,"B","Symphyotrichum foliaceum","Bombus appositus",95.4096786775073
"Trollius europaeus","Ranunculaceae",4,"Trollius",2473,166655,1.48390387327113,165,162,193,"H","Trollius europaeus","Bombus appositus",95.4096786775073
"Caltha palustris","Ranunculaceae",4,"Caltha",1676,166655,1.00567039692778,165,164,205,"B","Caltha palustris","Bombus appositus",95.4096786775073
"Thalictrum tuberosum","Ranunculaceae",4,"Thalictrum",1316,166655,0.789655275869311,165,175,225,"H","Thalictrum tuberosum","Bombus appositus",95.4096786775073
"Aquilegia ecalcarata","Ranunculaceae",4,"Aquilegia",1118,166655,0.67084695928715,165,134,257,"H","Aquilegia ecalcarata","Bombus appositus",95.4096786775073
"Thalictrum thalictroides","Ranunculaceae",4,"Thalictrum",950,166655,0.570039902793195,165,175,225,"H","Thalictrum thalictroides","Bombus appositus",95.4096786775073
"Viola odorata","Violaceae",4,"Viola",770,166655,0.462032342263958,165,159,198,"H","Viola odorata","Bombus appositus",95.4096786775073
"Delphinium barbeyi","Ranunculaceae",6,"Delphinium",28089,67309,41.7314177895972,173,185,221,"G","Delphinium barbeyi","Bombus appositus",93.7838921986658
"Delphinium nuttallianum","Ranunculaceae",6,"Delphinium",18261,67309,27.1301014723143,173,154,186,"A","Delphinium nuttallianum","Bombus appositus",93.7838921986658
"Delphinium gracile","Ranunculaceae",6,"Delphinium",8231,67309,12.2286766999955,173,185,221,"H","Delphinium gracile","Bombus appositus",93.7838921986658
"Symphyotrichum foliaceum","Asteraceae",6,"Symphyotrichum",3684,67309,5.47326509084966,173,134,257,"B","Symphyotrichum foliaceum","Bombus appositus",93.7838921986658
"Trollius europaeus","Ranunculaceae",6,"Trollius",751,67309,1.11574975114769,173,162,193,"H","Trollius europaeus","Bombus appositus",93.7838921986658
"Caltha palustris","Ranunculaceae",6,"Caltha",720,67309,1.06969350309765,173,164,205,"B","Caltha palustris","Bombus appositus",93.7838921986658
"Thalictrum tuberosum","Ranunculaceae",6,"Thalictrum",452,67309,0.671529810277972,173,175,225,"H","Thalictrum tuberosum","Bombus appositus",93.7838921986658
"Aquilegia ecalcarata","Ranunculaceae",6,"Aquilegia",441,67309,0.655187270647313,173,134,257,"H","Aquilegia ecalcarata","Bombus appositus",93.7838921986658
"Dasiphora fruticosa","Rosaceae",6,"Dasiphora",438,67309,0.650730214384406,173,134,257,"A","Dasiphora fruticosa","Bombus appositus",93.7838921986658
"Hydrophyllum capitatum","Hydrophyllaceae",6,"Hydrophyllum",405,67309,0.60170259549243,173,134,257,"A","Hydrophyllum capitatum","Bombus appositus",93.7838921986658
"Delphinium barbeyi","Ranunculaceae",9,"Delphinium",29693,80891,36.7074210975263,176,185,221,"G","Delphinium barbeyi","Bombus appositus",96.1417215759479
"Delphinium nuttallianum","Ranunculaceae",9,"Delphinium",19805,80891,24.48356430258,176,154,186,"A","Delphinium nuttallianum","Bombus appositus",96.1417215759479
"Hydrophyllum capitatum","Hydrophyllaceae",9,"Hydrophyllum",10287,80891,12.7171131522666,176,134,257,"A","Hydrophyllum capitatum","Bombus appositus",96.1417215759479
"Delphinium gracile","Ranunculaceae",9,"Delphinium",8956,80891,11.0716890630602,176,185,221,"H","Delphinium gracile","Bombus appositus",96.1417215759479
"Vicia americana","Fabaceae",9,"Vicia",3501,80891,4.32804638340483,176,161,212,"A","Vicia americana","Bombus appositus",96.1417215759479
"Hydrophyllum canadense","Hydrophyllaceae",9,"Hydrophyllum",1335,80891,1.65036901509439,176,134,257,"H","Hydrophyllum canadense","Bombus appositus",96.1417215759479
"Symphyotrichum foliaceum","Asteraceae",9,"Symphyotrichum",902,80891,1.11508078772669,176,134,257,"B","Symphyotrichum foliaceum","Bombus appositus",96.1417215759479
"Trollius europaeus","Ranunculaceae",9,"Trollius",775,80891,0.958079390785131,176,162,193,"H","Trollius europaeus","Bombus appositus",96.1417215759479
"Caltha palustris","Ranunculaceae",9,"Caltha",699,80891,0.864125798914589,176,164,205,"B","Caltha palustris","Bombus appositus",96.1417215759479
"Thalictrum tuberosum","Ranunculaceae",9,"Thalictrum",476,80891,0.588446180662867,176,175,225,"H","Thalictrum tuberosum","Bombus appositus",96.1417215759479
"Epilobium canum","Onagraceae",10,"Epilobium",15363,69748,22.0264380340655,165,180,229,"H","Epilobium canum","Bombus appositus",78.0481160750129
"Agastache pallidiflora","Lamiaceae",10,"Agastache",10216,69748,14.6470149681711,165,175,227,"H","Agastache pallidiflora","Bombus appositus",78.0481160750129
"Mertensia fusiformis","Boraginaceae",10,"Mertensia",3888,69748,5.57435338647703,165,148,190,"H","Mertensia fusiformis","Bombus appositus",78.0481160750129
"Mertensia ciliata","Boraginaceae",10,"Mertensia",3584,69748,5.13849859494179,165,164,218,"A","Mertensia ciliata","Bombus appositus",78.0481160750129
"Erigeron grandiflorus","Asteraceae",10,"Erigeron",3523,69748,5.05104089006136,165,134,257,"H","Erigeron grandiflorus","Bombus appositus",78.0481160750129
"Taraxacum officinale","Asteraceae",10,"Taraxacum",2819,69748,4.04169295176923,165,134,257,"B","Taraxacum officinale","Bombus appositus",78.0481160750129
"Pseudognaphalium attenuatum","Asteraceae",10,"Pseudognaphalium",2765,69748,3.96427137695705,165,134,257,"B","Pseudognaphalium attenuatum","Bombus appositus",78.0481160750129
"Cirsium parryi","Asteraceae",10,"Cirsium",2458,69748,3.52411538682113,165,134,257,"H","Cirsium parryi","Bombus appositus",78.0481160750129
"Lupinus sericeus","Fabaceae",10,"Lupinus",1864,69748,2.67247806388714,165,134,257,"A","Lupinus sericeus","Bombus appositus",78.0481160750129
"Dasiphora fruticosa","Rosaceae",10,"Dasiphora",1691,69748,2.42444227791478,165,134,257,"A","Dasiphora fruticosa","Bombus appositus",78.0481160750129
"Hydrophyllum canadense","Hydrophyllaceae",14,"Hydrophyllum",36918,65007,56.790807143846,165,134,257,"H","Hydrophyllum canadense","Bombus bifarius",95.4035719230236
"Hydrophyllum fendleri","Hydrophyllaceae",14,"Hydrophyllum",11722,65007,18.0319042564647,165,134,257,"A","Hydrophyllum fendleri","Bombus bifarius",95.4035719230236
"Lathyrus lanszwertii","Fabaceae",14,"Lathyrus",3012,65007,4.63334717799622,165,134,257,"A","Lathyrus lanszwertii","Bombus bifarius",95.4035719230236
"Symphyotrichum foliaceum","Asteraceae",14,"Symphyotrichum",2178,65007,3.35040841755503,165,134,257,"B","Symphyotrichum foliaceum","Bombus bifarius",95.4035719230236
"Taraxacum officinale","Asteraceae",14,"Taraxacum",1690,65007,2.5997200301506,165,134,257,"B","Taraxacum officinale","Bombus bifarius",95.4035719230236
"Mertensia fusiformis","Boraginaceae",14,"Mertensia",1481,65007,2.27821619210239,165,148,190,"H","Mertensia fusiformis","Bombus bifarius",95.4035719230236
"Mertensia ciliata","Boraginaceae",14,"Mertensia",871,65007,1.33985570784685,165,164,218,"A","Mertensia ciliata","Bombus bifarius",95.4035719230236
"Hydrophyllum capitatum","Hydrophyllaceae",14,"Hydrophyllum",796,65007,1.22448351715969,165,134,257,"A","Hydrophyllum capitatum","Bombus bifarius",95.4035719230236
"Chamaenerion angustifolium","Onagraceae",14,"Chamaenerion",664,65007,1.02142846155029,165,189,228,"H","Chamaenerion angustifolium","Bombus bifarius",95.4035719230236
"Lupinus argenteus","Fabaceae",14,"Lupinus",606,65007,0.932207300752227,165,178,225,"G","Lupinus argenteus","Bombus bifarius",95.4035719230236
"Epilobium canum","Onagraceae",15,"Epilobium",27119,74377,36.4615405300026,165,180,229,"H","Epilobium canum","Bombus bifarius",87.6332737270931
"Taraxacum officinale","Asteraceae",15,"Taraxacum",10455,74377,14.0567648601046,165,134,257,"B","Taraxacum officinale","Bombus bifarius",87.6332737270931
"Karpatiosorbus devoniensis","Rosaceae",15,"Sorbus",6168,148754,8.29288624171451,165,NA,NA,"None met","Sorbus scopulina","Bombus bifarius",87.6332737270931
"Pseudognaphalium attenuatum","Asteraceae",15,"Pseudognaphalium",4766,74377,6.40789491375022,165,134,257,"B","Pseudognaphalium attenuatum","Bombus bifarius",87.6332737270931
"Cynoglossum pringlei","Boraginaceae",15,"Cynoglossum",2672,74377,3.59250843674792,165,134,257,"B","Cynoglossum pringlei","Bombus bifarius",87.6332737270931
"Hydrophyllum fendleri","Hydrophyllaceae",15,"Hydrophyllum",2213,74377,2.97538217459699,165,134,257,"A","Hydrophyllum fendleri","Bombus bifarius",87.6332737270931
"Micromeles japonica","Rosaceae",15,"Rosaceae",2106,74377,2.83152049692781,165,NA,NA,"None met","Rosaceae","Bombus bifarius",87.6332737270931
"Crataegus bipinnatifida","Rosaceae",15,"Crataegus",1888,74377,2.53841913494763,165,134,257,"B","Crataegus bipinnatifida","Bombus bifarius",87.6332737270931
"Cirsium parryi","Asteraceae",15,"Cirsium",1638,74377,2.20229371983274,165,134,257,"H","Cirsium parryi","Bombus bifarius",87.6332737270931
"Ribes rubrum","Grossulariaceae",15,"Ribes",1620,74377,2.17809268994447,165,155,190,"H","Ribes rubrum","Bombus bifarius",87.6332737270931
"Lupinus argenteus","Fabaceae",18,"Lupinus",160507,588046,27.2949735224795,166,178,225,"G","Lupinus argenteus","Bombus bifarius",95.3285967424317
"Mertensia fusiformis","Boraginaceae",18,"Mertensia",102535,588046,17.4365610853573,166,148,190,"H","Mertensia fusiformis","Bombus bifarius",95.3285967424317
"Vaccinium vitis-idaea","Ericaceae",18,"Vaccinium",89055,588046,15.1442234110937,166,134,257,"H","Vaccinium vitis-idaea","Bombus bifarius",95.3285967424317
"Populus alba","Salicaceae",18,"Salix",61979,588046,10.5398217146278,166,134,257,"B","Salix","Bombus bifarius",95.3285967424317
"Lupinus sericeus","Fabaceae",18,"Lupinus",58005,588046,9.8640242430014,166,134,257,"A","Lupinus sericeus","Bombus bifarius",95.3285967424317
"Mertensia ciliata","Boraginaceae",18,"Mertensia",35762,588046,6.08149702574288,166,164,218,"A","Mertensia ciliata","Bombus bifarius",95.3285967424317
"Cynoglossum pringlei","Boraginaceae",18,"Cynoglossum",10269,588046,1.74629195675168,166,134,257,"B","Cynoglossum pringlei","Bombus bifarius",95.3285967424317
"Gaultheria prostrata","Ericaceae",18,"Gaultheria",7709,588046,1.31095186430993,166,134,257,"B","Gaultheria prostrata","Bombus bifarius",95.3285967424317
"Hydrophyllum canadense","Hydrophyllaceae",18,"Hydrophyllum",7518,588046,1.27847141210041,166,134,257,"H","Hydrophyllum canadense","Bombus bifarius",95.3285967424317
"Erigeron grandiflorus","Asteraceae",18,"Erigeron",6334,588046,1.07712661934611,166,134,257,"H","Erigeron grandiflorus","Bombus bifarius",95.3285967424317
"Hydrophyllum canadense","Hydrophyllaceae",19,"Hydrophyllum",101079,141824,71.2707299187726,169,134,257,"H","Hydrophyllum canadense","Bombus bifarius",96.1473375451264
"Hydrophyllum fendleri","Hydrophyllaceae",19,"Hydrophyllum",11234,141824,7.92108528880866,169,134,257,"A","Hydrophyllum fendleri","Bombus bifarius",96.1473375451264
"Lathyrus lanszwertii","Fabaceae",19,"Lathyrus",9072,141824,6.39666064981949,169,134,257,"A","Lathyrus lanszwertii","Bombus bifarius",96.1473375451264
"Epilobium canum","Onagraceae",19,"Epilobium",4027,141824,2.83943479241877,169,180,229,"H","Epilobium canum","Bombus bifarius",96.1473375451264
"Lupinus argenteus","Fabaceae",19,"Lupinus",2447,141824,1.725377933213,169,178,225,"G","Lupinus argenteus","Bombus bifarius",96.1473375451264
"Chamaenerion angustifolium","Onagraceae",19,"Chamaenerion",1412,141824,0.995600180505415,169,189,228,"H","Chamaenerion angustifolium","Bombus bifarius",96.1473375451264
"Nemophila menziesii","Boraginaceae",19,"Nemophila",1216,141824,0.857400722021661,169,134,257,"B","Nemophila menziesii","Bombus bifarius",96.1473375451264
"Lupinus sericeus","Fabaceae",19,"Lupinus",1132,141824,0.79817238267148,169,134,257,"A","Lupinus sericeus","Bombus bifarius",96.1473375451264
"Pseudognaphalium attenuatum","Asteraceae",19,"Pseudognaphalium",837,141824,0.59016809566787,169,134,257,"B","Pseudognaphalium attenuatum","Bombus bifarius",96.1473375451264
"Taraxacum officinale","Asteraceae",19,"Taraxacum",769,141824,0.542221344765343,169,134,257,"B","Taraxacum officinale","Bombus bifarius",96.1473375451264
"Mertensia ciliata","Boraginaceae",20,"Mertensia",15434,48535,31.7997321520552,165,164,218,"A","Mertensia ciliata","Bombus bifarius",95.6876480890079
"Mertensia fusiformis","Boraginaceae",20,"Mertensia",15386,48535,31.7008344493664,165,148,190,"H","Mertensia fusiformis","Bombus bifarius",95.6876480890079
"Parnassia palustris","Celastraceae",20,"Parnassia",3811,48535,7.85206551972803,165,160,219,"C","Parnassia palustris","Bombus bifarius",95.6876480890079
"Hydrophyllum fendleri","Hydrophyllaceae",20,"Hydrophyllum",3119,48535,6.42629030596477,165,134,257,"A","Hydrophyllum fendleri","Bombus bifarius",95.6876480890079
"Lupinus argenteus","Fabaceae",20,"Lupinus",2006,48535,4.13309982486865,165,178,225,"G","Lupinus argenteus","Bombus bifarius",95.6876480890079
"Erigeron grandiflorus","Asteraceae",20,"Erigeron",1530,48535,3.1523642732049,165,134,257,"H","Erigeron grandiflorus","Bombus bifarius",95.6876480890079
"Geum ternatum","Rosaceae",20,"Geum",831,48535,1.71216647779953,165,134,257,"H","Geum ternatum","Bombus bifarius",95.6876480890079
"Lupinus sericeus","Fabaceae",20,"Lupinus",829,48535,1.70804574018749,165,134,257,"A","Lupinus sericeus","Bombus bifarius",95.6876480890079
"Taraxacum officinale","Asteraceae",20,"Taraxacum",753,48535,1.55145771093026,165,134,257,"B","Taraxacum officinale","Bombus bifarius",95.6876480890079
"Hydrophyllum canadense","Hydrophyllaceae",20,"Hydrophyllum",705,48535,1.45256000824148,165,134,257,"H","Hydrophyllum canadense","Bombus bifarius",95.6876480890079
"Hydrophyllum fendleri","Hydrophyllaceae",21,"Hydrophyllum",17841,28285,63.0758352483649,165,134,257,"A","Hydrophyllum fendleri","Bombus bifarius",96.7085027399682
"Hydrophyllum canadense","Hydrophyllaceae",21,"Hydrophyllum",4249,28285,15.0220965175888,165,134,257,"H","Hydrophyllum canadense","Bombus bifarius",96.7085027399682
"Parnassia palustris","Celastraceae",21,"Parnassia",1761,28285,6.22591479582818,165,160,219,"C","Parnassia palustris","Bombus bifarius",96.7085027399682
"Hydrophyllum capitatum","Hydrophyllaceae",21,"Hydrophyllum",709,28285,2.50662895527665,165,134,257,"A","Hydrophyllum capitatum","Bombus bifarius",96.7085027399682
"Erigeron grandiflorus","Asteraceae",21,"Erigeron",346,28285,1.22326321371752,165,134,257,"H","Erigeron grandiflorus","Bombus bifarius",96.7085027399682
"Taraxacum officinale","Asteraceae",21,"Taraxacum",337,28285,1.19144422838961,165,134,257,"B","Taraxacum officinale","Bombus bifarius",96.7085027399682
"Lupinus sericeus","Fabaceae",21,"Lupinus",321,28285,1.13487714336221,165,134,257,"A","Lupinus sericeus","Bombus bifarius",96.7085027399682
"Geum ternatum","Rosaceae",21,"Geum",300,28285,1.06063284426374,165,134,257,"H","Geum ternatum","Bombus bifarius",96.7085027399682
"Mertensia fusiformis","Boraginaceae",21,"Mertensia",299,28285,1.05709740144953,165,148,190,"H","Mertensia fusiformis","Bombus bifarius",96.7085027399682
"Cirsium parryi","Asteraceae",21,"Cirsium",260,28285,0.919215131695245,165,134,257,"H","Cirsium parryi","Bombus bifarius",96.7085027399682
"Delphinium barbeyi","Ranunculaceae",23,"Delphinium",38912,66752,58.2933844678811,165,185,221,"H","Delphinium barbeyi","Bombus californicus",96.1109779482262
"Delphinium nuttallianum","Ranunculaceae",23,"Delphinium",11475,66752,17.1904961649089,165,154,186,"A","Delphinium nuttallianum","Bombus californicus",96.1109779482262
"Delphinium gracile","Ranunculaceae",23,"Delphinium",6116,66752,9.16227229146692,165,185,221,"H","Delphinium gracile","Bombus californicus",96.1109779482262
"Viola odorata","Violaceae",23,"Viola",3796,66752,5.68672099712368,165,159,198,"H","Viola odorata","Bombus californicus",96.1109779482262
"Trollius europaeus","Ranunculaceae",23,"Trollius",552,66752,0.826941514860978,165,162,193,"H","Trollius europaeus","Bombus californicus",96.1109779482262
"Caltha palustris","Ranunculaceae",23,"Caltha",525,66752,0.786493288590604,165,164,205,"B","Caltha palustris","Bombus californicus",96.1109779482262
"Potentilla pulcherrima","Rosaceae",23,"Potentilla",498,66752,0.74604506232023,165,134,257,"H","Potentilla pulcherrima","Bombus californicus",96.1109779482262
"Lithophragma parviflorum","Saxifragaceae",23,"Lithophragma",482,66752,0.722075743048897,165,134,257,"B","Lithophragma parviflorum","Bombus californicus",96.1109779482262
"Aquilegia ecalcarata","Ranunculaceae",23,"Aquilegia",367,66752,0.549796260786194,165,134,257,"H","Aquilegia ecalcarata","Bombus californicus",96.1109779482262
"Thalictrum tuberosum","Ranunculaceae",23,"Thalictrum",275,66752,0.411972674976031,165,175,225,"H","Thalictrum tuberosum","Bombus californicus",96.1109779482262
"Delphinium barbeyi","Ranunculaceae",24,"Delphinium",5159,11976,43.0778223112892,163,185,221,"H","Delphinium barbeyi","Bombus californicus",95.8667334669339
"Delphinium nuttallianum","Ranunculaceae",24,"Delphinium",3219,11976,26.8787575150301,163,154,186,"A","Delphinium nuttallianum","Bombus californicus",95.8667334669339
"Delphinium gracile","Ranunculaceae",24,"Delphinium",1652,11976,13.7942551770207,163,185,221,"H","Delphinium gracile","Bombus californicus",95.8667334669339
"Taraxacum officinale","Asteraceae",24,"Taraxacum",430,11976,3.59051436205745,163,134,257,"B","Taraxacum officinale","Bombus californicus",95.8667334669339
"Trollius europaeus","Ranunculaceae",24,"Trollius",166,11976,1.38610554442218,163,162,193,"H","Trollius europaeus","Bombus californicus",95.8667334669339
"Dasiphora fruticosa","Rosaceae",24,"Dasiphora",150,11976,1.25250501002004,163,134,257,"A","Dasiphora fruticosa","Bombus californicus",95.8667334669339
"Caltha palustris","Ranunculaceae",24,"Caltha",147,11976,1.22745490981964,163,164,205,"H","Caltha palustris","Bombus californicus",95.8667334669339
"Parnassia palustris","Celastraceae",24,"Parnassia",119,11976,0.993653974615898,163,160,219,"C","Parnassia palustris","Bombus californicus",95.8667334669339
"Aquilegia ecalcarata","Ranunculaceae",24,"Aquilegia",96,11976,0.801603206412826,163,134,257,"H","Aquilegia ecalcarata","Bombus californicus",95.8667334669339
"Taraxacum cucullatum","Asteraceae",24,"Taraxacum",85,11976,0.709752839011356,163,134,257,"B","Taraxacum cucullatum","Bombus californicus",95.8667334669339
"Delphinium barbeyi","Ranunculaceae",25,"Delphinium",24322,54192,44.8811632713316,163,185,221,"H","Delphinium barbeyi","Bombus californicus",94.9900354295837
"Delphinium nuttallianum","Ranunculaceae",25,"Delphinium",14397,54192,26.5666519043401,163,154,186,"A","Delphinium nuttallianum","Bombus californicus",94.9900354295837
"Delphinium gracile","Ranunculaceae",25,"Delphinium",8440,54192,15.5742545025096,163,185,221,"H","Delphinium gracile","Bombus californicus",94.9900354295837
"Trollius europaeus","Ranunculaceae",25,"Trollius",947,54192,1.74749040448775,163,162,193,"H","Trollius europaeus","Bombus californicus",94.9900354295837
"Caltha palustris","Ranunculaceae",25,"Caltha",593,54192,1.0942574549749,163,164,205,"H","Caltha palustris","Bombus californicus",94.9900354295837
"Taraxacum officinale","Asteraceae",25,"Taraxacum",464,54192,0.856214939474461,163,134,257,"B","Taraxacum officinale","Bombus californicus",94.9900354295837
"Aquilegia ecalcarata","Ranunculaceae",25,"Aquilegia",411,54192,0.758414526129318,163,134,257,"H","Aquilegia ecalcarata","Bombus californicus",94.9900354295837
"Parnassia palustris","Celastraceae",25,"Parnassia",364,54192,0.671685857691172,163,160,219,"C","Parnassia palustris","Bombus californicus",94.9900354295837
"Thalictrum tuberosum","Ranunculaceae",25,"Thalictrum",328,54192,0.605255388249188,163,134,257,"B","Thalictrum tuberosum","Bombus californicus",94.9900354295837
"Dasiphora fruticosa","Rosaceae",25,"Dasiphora",275,54192,0.507454974904045,163,134,257,"A","Dasiphora fruticosa","Bombus californicus",94.9900354295837
"Delphinium barbeyi","Ranunculaceae",26,"Delphinium",171592,388214,44.200363716919,165,185,221,"H","Delphinium barbeyi","Bombus californicus",94.9983771837182
"Delphinium nuttallianum","Ranunculaceae",26,"Delphinium",108988,388214,28.0742064943562,165,154,186,"A","Delphinium nuttallianum","Bombus californicus",94.9983771837182
"Delphinium gracile","Ranunculaceae",26,"Delphinium",52942,388214,13.6373237441205,165,185,221,"H","Delphinium gracile","Bombus californicus",94.9983771837182
"Taraxacum officinale","Asteraceae",26,"Taraxacum",8448,388214,2.17611935684957,165,134,257,"B","Taraxacum officinale","Bombus californicus",94.9983771837182
"Trollius europaeus","Ranunculaceae",26,"Trollius",6343,388214,1.63389264683911,165,162,193,"H","Trollius europaeus","Bombus californicus",94.9983771837182
"Caltha palustris","Ranunculaceae",26,"Caltha",4126,388214,1.0628158695977,165,164,205,"B","Caltha palustris","Bombus californicus",94.9983771837182
"Thalictrum tuberosum","Ranunculaceae",26,"Thalictrum",2912,388214,0.750101748004966,165,175,225,"H","Thalictrum tuberosum","Bombus californicus",94.9983771837182
"Aquilegia ecalcarata","Ranunculaceae",26,"Aquilegia",2618,388214,0.674370321523696,165,134,257,"H","Aquilegia ecalcarata","Bombus californicus",94.9983771837182
"Hydrophyllum capitatum","Hydrophyllaceae",26,"Hydrophyllum",2335,388214,0.601472383788323,165,134,257,"A","Hydrophyllum capitatum","Bombus californicus",94.9983771837182
"Thalictrum thalictroides","Ranunculaceae",26,"Thalictrum",1921,388214,0.494830170988166,165,175,225,"H","Thalictrum thalictroides","Bombus californicus",94.9983771837182
"Delphinium barbeyi","Ranunculaceae",27,"Delphinium",25683,58001,44.2802710298098,166,185,221,"H","Delphinium barbeyi","Bombus californicus",94.6845744038896
"Delphinium nuttallianum","Ranunculaceae",27,"Delphinium",16430,58001,28.3270978086585,166,154,186,"A","Delphinium nuttallianum","Bombus californicus",94.6845744038896
"Delphinium gracile","Ranunculaceae",27,"Delphinium",7556,58001,13.0273615972138,166,185,221,"H","Delphinium gracile","Bombus californicus",94.6845744038896
"Trollius europaeus","Ranunculaceae",27,"Trollius",1288,58001,2.22065136807986,166,162,193,"H","Trollius europaeus","Bombus californicus",94.6845744038896
"Parnassia palustris","Celastraceae",27,"Parnassia",713,58001,1.22928915018707,166,160,219,"C","Parnassia palustris","Bombus californicus",94.6845744038896
"Thalictrum tuberosum","Ranunculaceae",27,"Thalictrum",540,58001,0.931018430716712,166,175,225,"H","Thalictrum tuberosum","Bombus californicus",94.6845744038896
"Caltha palustris","Ranunculaceae",27,"Caltha",459,58001,0.791365666109205,166,164,205,"B","Caltha palustris","Bombus californicus",94.6845744038896
"Thalictrum thalictroides","Ranunculaceae",27,"Thalictrum",329,58001,0.567231599455182,166,175,225,"H","Thalictrum thalictroides","Bombus californicus",94.6845744038896
"Hydrophyllum capitatum","Hydrophyllaceae",27,"Hydrophyllum",313,58001,0.539645868174687,166,134,257,"A","Hydrophyllum capitatum","Bombus californicus",94.6845744038896
"Lupinus argenteus","Fabaceae",27,"Lupinus",295,58001,0.50861192048413,166,178,225,"G","Lupinus argenteus","Bombus californicus",94.6845744038896
"Delphinium barbeyi","Ranunculaceae",28,"Delphinium",33236,71784,46.3000111445447,166,185,221,"H","Delphinium barbeyi","Bombus californicus",95.532430625209
"Delphinium nuttallianum","Ranunculaceae",28,"Delphinium",19779,71784,27.5534938147777,166,154,186,"A","Delphinium nuttallianum","Bombus californicus",95.532430625209
"Delphinium gracile","Ranunculaceae",28,"Delphinium",10354,71784,14.4238270366656,166,185,221,"H","Delphinium gracile","Bombus californicus",95.532430625209
"Trollius europaeus","Ranunculaceae",28,"Trollius",939,71784,1.30809093948512,166,162,193,"H","Trollius europaeus","Bombus californicus",95.532430625209
"Caltha palustris","Ranunculaceae",28,"Caltha",721,71784,1.00440209517441,166,164,205,"B","Caltha palustris","Bombus californicus",95.532430625209
"Cynoglossum amplifolium","Boraginaceae",28,"Cynoglossum",713,71784,0.993257550429065,166,134,257,"B","Cynoglossum amplifolium","Bombus californicus",95.532430625209
"Thalictrum tuberosum","Ranunculaceae",28,"Thalictrum",604,71784,0.84141312827371,166,175,225,"H","Thalictrum tuberosum","Bombus californicus",95.532430625209
"Aquilegia ecalcarata","Ranunculaceae",28,"Aquilegia",379,71784,0.527972807310821,166,134,257,"H","Aquilegia ecalcarata","Bombus californicus",95.532430625209
"Populus alba","Salicaceae",28,"Salix",345,71784,0.480608492143096,166,134,257,"B","Salix","Bombus californicus",95.532430625209
"Thalictrum thalictroides","Ranunculaceae",28,"Thalictrum",338,71784,0.470857015490917,166,175,225,"H","Thalictrum thalictroides","Bombus californicus",95.532430625209
"Agastache pallidiflora","Lamiaceae",29,"Agastache",50501,201510,25.0612872810282,166,175,227,"H","Agastache pallidiflora","Bombus californicus",66.1580070467966
"Delphinium barbeyi","Ranunculaceae",29,"Delphinium",35781,201510,17.7564388864076,166,185,221,"H","Delphinium barbeyi","Bombus californicus",66.1580070467966
"Delphinium nuttallianum","Ranunculaceae",29,"Delphinium",12449,201510,6.17785717830381,166,154,186,"A","Delphinium nuttallianum","Bombus californicus",66.1580070467966
"Delphinium gracile","Ranunculaceae",29,"Delphinium",7561,201510,3.75217110813359,166,185,221,"H","Delphinium gracile","Bombus californicus",66.1580070467966
"Helianthella quinquenervis","Asteraceae",29,"Helianthella",2908,201510,1.44310456056771,166,134,257,"B","Helianthella quinquenervis","Bombus californicus",66.1580070467966
"Lupinus argenteus","Fabaceae",29,"Lupinus",2740,201510,1.3597340082378,166,178,225,"G","Lupinus argenteus","Bombus californicus",66.1580070467966
"Campanula rotundifolia","Campanulaceae",29,"Campanula",2703,201510,1.34137263659372,166,191,234,"H","Campanula rotundifolia","Bombus californicus",66.1580070467966
"Phlox douglasii","Polemoniaceae",29,"Phlox",2701,201510,1.34038013001836,166,168,209,"H","Phlox douglasii","Bombus californicus",66.1580070467966
"Populus alba","Salicaceae",29,"Salix",2676,201510,1.32797379782641,166,134,257,"B","Salix","Bombus californicus",66.1580070467966
"Cynoglossum amplifolium","Boraginaceae",29,"Cynoglossum",2432,201510,1.20688799563297,166,134,257,"B","Cynoglossum amplifolium","Bombus californicus",66.1580070467966
"Mertensia fusiformis","Boraginaceae",30,"Mertensia",77561,282084,27.4957104975823,155,148,190,"H","Mertensia fusiformis","Bombus californicus",96.3468328582976
"Lupinus argenteus","Fabaceae",30,"Lupinus",49939,282084,17.7035918378923,155,178,225,"H","Lupinus argenteus","Bombus californicus",96.3468328582976
"Mertensia ciliata","Boraginaceae",30,"Mertensia",48791,282084,17.296620864707,155,164,218,"G","Mertensia ciliata","Bombus californicus",96.3468328582976
"Delphinium barbeyi","Ranunculaceae",30,"Delphinium",29197,282084,10.3504629826576,155,185,221,"H","Delphinium barbeyi","Bombus californicus",96.3468328582976
"Delphinium nuttallianum","Ranunculaceae",30,"Delphinium",16705,282084,5.92199486677727,155,154,186,"A","Delphinium nuttallianum","Bombus californicus",96.3468328582976
"Cynoglossum pringlei","Boraginaceae",30,"Cynoglossum",12730,282084,4.5128401469066,155,134,257,"B","Cynoglossum pringlei","Bombus californicus",96.3468328582976
"Delphinium gracile","Ranunculaceae",30,"Delphinium",9348,282084,3.31390649593738,155,185,221,"H","Delphinium gracile","Bombus californicus",96.3468328582976
"Erigeron grandiflorus","Asteraceae",30,"Erigeron",7517,282084,2.66480906396676,155,134,257,"H","Erigeron grandiflorus","Bombus californicus",96.3468328582976
"Cynoglossum anchusoides","Boraginaceae",30,"Cynoglossum",6452,282084,2.28726195034103,155,134,257,"B","Cynoglossum anchusoides","Bombus californicus",96.3468328582976
"Cynoglossum amplifolium","Boraginaceae",30,"Cynoglossum",6103,282084,2.16353993845805,155,134,257,"B","Cynoglossum amplifolium","Bombus californicus",96.3468328582976
"Delphinium barbeyi","Ranunculaceae",32,"Delphinium",60571,134862,44.9133187999585,170,185,221,"H","Delphinium barbeyi","Bombus flavifrons",94.6626922335424
"Delphinium nuttallianum","Ranunculaceae",32,"Delphinium",36104,134862,26.7710696860494,170,154,186,"A","Delphinium nuttallianum","Bombus flavifrons",94.6626922335424
"Delphinium gracile","Ranunculaceae",32,"Delphinium",18758,134862,13.909032937373,170,185,221,"H","Delphinium gracile","Bombus flavifrons",94.6626922335424
"Trollius europaeus","Ranunculaceae",32,"Trollius",1902,134862,1.41033056012813,170,162,193,"H","Trollius europaeus","Bombus flavifrons",94.6626922335424
"Cynoglossum amplifolium","Boraginaceae",32,"Cynoglossum",1638,134862,1.21457489878543,170,134,257,"B","Cynoglossum amplifolium","Bombus flavifrons",94.6626922335424
"Hydrophyllum canadense","Hydrophyllaceae",32,"Hydrophyllum",1499,134862,1.11150657709362,170,134,257,"H","Hydrophyllum canadense","Bombus flavifrons",94.6626922335424
"Caltha palustris","Ranunculaceae",32,"Caltha",1328,134862,0.984710296451187,170,164,205,"B","Caltha palustris","Bombus flavifrons",94.6626922335424
"Populus alba","Salicaceae",32,"Salix",1305,134862,0.967655825955421,170,134,257,"B","Salix","Bombus flavifrons",94.6626922335424
"Thalictrum tuberosum","Ranunculaceae",32,"Thalictrum",1010,134862,0.748913704379292,170,175,225,"H","Thalictrum tuberosum","Bombus flavifrons",94.6626922335424
"Aquilegia ecalcarata","Ranunculaceae",32,"Aquilegia",711,134862,0.527205587934333,170,134,257,"H","Aquilegia ecalcarata","Bombus flavifrons",94.6626922335424
"Delphinium nuttallianum","Ranunculaceae",33,"Delphinium",46,199,23.1155778894472,166,154,186,"A","Delphinium nuttallianum","Bombus flavifrons",95.4773869346733
"Delphinium barbeyi","Ranunculaceae",33,"Delphinium",46,199,23.1155778894472,166,185,221,"H","Delphinium barbeyi","Bombus flavifrons",95.4773869346733
"Populus alba","Salicaceae",33,"Salix",20,199,10.0502512562814,166,134,257,"B","Salix","Bombus flavifrons",95.4773869346733
"Thalictrum tuberosum","Ranunculaceae",33,"Thalictrum",16,199,8.04020100502512,166,175,225,"H","Thalictrum tuberosum","Bombus flavifrons",95.4773869346733
"Mertensia ciliata","Boraginaceae",33,"Mertensia",14,199,7.03517587939699,166,164,218,"A","Mertensia ciliata","Bombus flavifrons",95.4773869346733
"Symphyotrichum foliaceum","Asteraceae",33,"Symphyotrichum",10,199,5.0251256281407,166,134,257,"B","Symphyotrichum foliaceum","Bombus flavifrons",95.4773869346733
"Lupinus argenteus","Fabaceae",33,"Lupinus",8,199,4.02010050251256,166,178,225,"G","Lupinus argenteus","Bombus flavifrons",95.4773869346733
"Hydrophyllum fendleri","Hydrophyllaceae",33,"Hydrophyllum",5,199,2.51256281407035,166,134,257,"A","Hydrophyllum fendleri","Bombus flavifrons",95.4773869346733
"Aquilegia ecalcarata","Ranunculaceae",33,"Aquilegia",5,199,2.51256281407035,166,134,257,"H","Aquilegia ecalcarata","Bombus flavifrons",95.4773869346733
"Hydrophyllum canadense","Hydrophyllaceae",33,"Hydrophyllum",4,199,2.01005025125628,166,134,257,"H","Hydrophyllum canadense","Bombus flavifrons",95.4773869346733
"Viola odorata","Violaceae",33,"Viola",4,199,2.01005025125628,166,159,198,"H","Viola odorata","Bombus flavifrons",95.4773869346733
"Delphinium barbeyi","Ranunculaceae",35,"Delphinium",85764,186040,46.0997634917222,170,185,221,"H","Delphinium barbeyi","Bombus flavifrons",95.3058482046871
"Delphinium nuttallianum","Ranunculaceae",35,"Delphinium",52561,186040,28.2525263384218,170,154,186,"A","Delphinium nuttallianum","Bombus flavifrons",95.3058482046871
"Delphinium gracile","Ranunculaceae",35,"Delphinium",22507,186040,12.0979359277575,170,185,221,"H","Delphinium gracile","Bombus flavifrons",95.3058482046871
"Viola odorata","Violaceae",35,"Viola",2981,186040,1.60234358202537,170,159,198,"H","Viola odorata","Bombus flavifrons",95.3058482046871
"Trollius europaeus","Ranunculaceae",35,"Trollius",2376,186040,1.2771447000645,170,162,193,"H","Trollius europaeus","Bombus flavifrons",95.3058482046871
"Dasiphora fruticosa","Rosaceae",35,"Dasiphora",1655,186040,0.889593635777252,170,134,257,"A","Dasiphora fruticosa","Bombus flavifrons",95.3058482046871
"Caltha palustris","Ranunculaceae",35,"Caltha",1498,186040,0.805203182111374,170,164,205,"B","Caltha palustris","Bombus flavifrons",95.3058482046871
"Mertensia fusiformis","Boraginaceae",35,"Mertensia",1487,186040,0.799290475166631,170,148,190,"H","Mertensia fusiformis","Bombus flavifrons",95.3058482046871
"Aquilegia ecalcarata","Ranunculaceae",35,"Aquilegia",1169,186040,0.62835949258224,170,134,257,"H","Aquilegia ecalcarata","Bombus flavifrons",95.3058482046871
"Hydrophyllum canadense","Hydrophyllaceae",35,"Hydrophyllum",1080,186040,0.580520318211137,170,134,257,"H","Hydrophyllum canadense","Bombus flavifrons",95.3058482046871
"Delphinium nuttallianum","Ranunculaceae",36,"Delphinium",14722,56427,26.0903468197849,173,154,186,"A","Delphinium nuttallianum","Bombus flavifrons",93.138036755454
"Delphinium barbeyi","Ranunculaceae",36,"Delphinium",8677,56427,15.3773902564375,173,185,221,"G","Delphinium barbeyi","Bombus flavifrons",93.138036755454
"Lupinus argenteus","Fabaceae",36,"Lupinus",6828,56427,12.1005901430166,173,178,225,"G","Lupinus argenteus","Bombus flavifrons",93.138036755454
"Lupinus sericeus","Fabaceae",36,"Lupinus",6657,56427,11.7975437290659,173,134,257,"A","Lupinus sericeus","Bombus flavifrons",93.138036755454
"Hydrophyllum fendleri","Hydrophyllaceae",36,"Hydrophyllum",3881,56427,6.87791305580662,173,134,257,"A","Hydrophyllum fendleri","Bombus flavifrons",93.138036755454
"Mertensia ciliata","Boraginaceae",36,"Mertensia",3268,56427,5.7915536888369,173,164,218,"A","Mertensia ciliata","Bombus flavifrons",93.138036755454
"Erigeron grandiflorus","Asteraceae",36,"Erigeron",1557,56427,2.75931734807805,173,134,257,"H","Erigeron grandiflorus","Bombus flavifrons",93.138036755454
"Cynoglossum amplifolium","Boraginaceae",36,"Cynoglossum",1242,56427,2.20107395395821,173,134,257,"B","Cynoglossum amplifolium","Bombus flavifrons",93.138036755454
"Populus alba","Salicaceae",36,"Salix",1191,56427,2.11069169014833,173,134,257,"B","Salix","Bombus flavifrons",93.138036755454
"Taraxacum officinale","Asteraceae",36,"Taraxacum",1102,56427,1.95296577879384,173,134,257,"B","Taraxacum officinale","Bombus flavifrons",93.138036755454
"Delphinium barbeyi","Ranunculaceae",39,"Delphinium",43284,96996,44.6245205987876,169,185,221,"H","Delphinium barbeyi","Bombus flavifrons",94.2657429172337
"Delphinium nuttallianum","Ranunculaceae",39,"Delphinium",27134,96996,27.9743494577096,169,154,186,"A","Delphinium nuttallianum","Bombus flavifrons",94.2657429172337
"Delphinium gracile","Ranunculaceae",39,"Delphinium",12847,96996,13.244876077364,169,185,221,"H","Delphinium gracile","Bombus flavifrons",94.2657429172337
"Hydrophyllum canadense","Hydrophyllaceae",39,"Hydrophyllum",1544,96996,1.59181821930801,169,134,257,"H","Hydrophyllum canadense","Bombus flavifrons",94.2657429172337
"Trollius europaeus","Ranunculaceae",39,"Trollius",1452,96996,1.49696894717308,169,162,193,"H","Trollius europaeus","Bombus flavifrons",94.2657429172337
"Caltha palustris","Ranunculaceae",39,"Caltha",862,96996,0.888696441090354,169,164,205,"B","Caltha palustris","Bombus flavifrons",94.2657429172337
"Thalictrum tuberosum","Ranunculaceae",39,"Thalictrum",783,96996,0.807249783496227,169,175,225,"H","Thalictrum tuberosum","Bombus flavifrons",94.2657429172337
"Aquilegia ecalcarata","Ranunculaceae",39,"Aquilegia",697,96996,0.71858633345705,169,134,257,"H","Aquilegia ecalcarata","Bombus flavifrons",94.2657429172337
"Dasiphora fruticosa","Rosaceae",39,"Dasiphora",478,96996,0.492803826961937,169,134,257,"A","Dasiphora fruticosa","Bombus flavifrons",94.2657429172337
"Taraxacum officinale","Asteraceae",39,"Taraxacum",429,96996,0.442286279846592,169,134,257,"B","Taraxacum officinale","Bombus flavifrons",94.2657429172337
"Aquilegia ecalcarata","Ranunculaceae",40,"Aquilegia",355254,704500,50.4264017033357,179,134,257,"H","Aquilegia ecalcarata","Bombus flavifrons",95.9314407381122
"Lupinus argenteus","Fabaceae",40,"Lupinus",108419,704500,15.3894960965224,179,178,225,"A","Lupinus argenteus","Bombus flavifrons",95.9314407381122
"Hydrophyllum canadense","Hydrophyllaceae",40,"Hydrophyllum",82143,704500,11.6597586941093,179,134,257,"H","Hydrophyllum canadense","Bombus flavifrons",95.9314407381122
"Lupinus sericeus","Fabaceae",40,"Lupinus",49951,704500,7.0902767920511,179,134,257,"A","Lupinus sericeus","Bombus flavifrons",95.9314407381122
"Hydrophyllum fendleri","Hydrophyllaceae",40,"Hydrophyllum",18924,704500,2.686160397445,179,134,257,"A","Hydrophyllum fendleri","Bombus flavifrons",95.9314407381122
"Vicia americana","Fabaceae",40,"Vicia",16652,704500,2.36366217175302,179,161,212,"A","Vicia americana","Bombus flavifrons",95.9314407381122
"Taraxacum officinale","Asteraceae",40,"Taraxacum",10436,704500,1.48133427963094,179,134,257,"B","Taraxacum officinale","Bombus flavifrons",95.9314407381122
"Thalictrum tuberosum","Ranunculaceae",40,"Thalictrum",6261,704500,0.888715400993612,179,175,225,"H","Thalictrum tuberosum","Bombus flavifrons",95.9314407381122
"Viola odorata","Violaceae",40,"Viola",5856,704500,0.831227821149752,179,159,198,"H","Viola odorata","Bombus flavifrons",95.9314407381122
"Thalictrum thalictroides","Ranunculaceae",40,"Thalictrum",5006,704500,0.710574875798439,179,175,225,"H","Thalictrum thalictroides","Bombus flavifrons",95.9314407381122
"Mertensia fusiformis","Boraginaceae",41,"Mertensia",155213,465275,33.3594111009618,179,148,190,"H","Mertensia fusiformis","Bombus flavifrons",97.7357476761056
"Mertensia ciliata","Boraginaceae",41,"Mertensia",110749,465275,23.8029122561926,179,164,218,"A","Mertensia ciliata","Bombus flavifrons",97.7357476761056
"Lupinus argenteus","Fabaceae",41,"Lupinus",91466,465275,19.6584815431734,179,178,225,"A","Lupinus argenteus","Bombus flavifrons",97.7357476761056
"Cynoglossum pringlei","Boraginaceae",41,"Cynoglossum",22166,465275,4.76406426307023,179,134,257,"B","Cynoglossum pringlei","Bombus flavifrons",97.7357476761056
"Erigeron grandiflorus","Asteraceae",41,"Erigeron",14804,465275,3.18177421954758,179,134,257,"H","Erigeron grandiflorus","Bombus flavifrons",97.7357476761056
"Cynoglossum anchusoides","Boraginaceae",41,"Cynoglossum",13465,465275,2.89398742679061,179,134,257,"B","Cynoglossum anchusoides","Bombus flavifrons",97.7357476761056
"Cynoglossum amplifolium","Boraginaceae",41,"Cynoglossum",11075,465275,2.38031271828489,179,134,257,"B","Cynoglossum amplifolium","Bombus flavifrons",97.7357476761056
"Hydrophyllum canadense","Hydrophyllaceae",41,"Hydrophyllum",9011,465275,1.93670409972597,179,134,257,"H","Hydrophyllum canadense","Bombus flavifrons",97.7357476761056
"Viola odorata","Violaceae",41,"Viola",6725,465275,1.44538176347321,179,159,198,"H","Viola odorata","Bombus flavifrons",97.7357476761056
"Lithophragma parviflorum","Saxifragaceae",41,"Lithophragma",4939,465275,1.06152275535973,179,134,257,"B","Lithophragma parviflorum","Bombus flavifrons",97.7357476761056
"Delphinium barbeyi","Ranunculaceae",42,"Delphinium",19980,64883,30.7938905414361,165,185,221,"H","Delphinium barbeyi","Bombus flavifrons",87.463588305103
"Delphinium nuttallianum","Ranunculaceae",42,"Delphinium",15563,64883,23.9862521769955,165,154,186,"A","Delphinium nuttallianum","Bombus flavifrons",87.463588305103
"Delphinium gracile","Ranunculaceae",42,"Delphinium",4772,64883,7.35477706024691,165,185,221,"H","Delphinium gracile","Bombus flavifrons",87.463588305103
"Scabrethia scabra","Asteraceae",42,"Scabrethia",2890,129766,4.45417135459212,165,134,257,"A","Scabrethia scabra","Bombus flavifrons",87.463588305103
"Arenaria globiflora","Caryophyllaceae",42,"Arenaria",2036,64883,3.13795601313133,165,134,257,"B","Arenaria globiflora","Bombus flavifrons",87.463588305103
"Mertensia fusiformis","Boraginaceae",42,"Mertensia",2007,64883,3.09326017600912,165,148,190,"H","Mertensia fusiformis","Bombus flavifrons",87.463588305103
"Holodiscus argenteus","Rosaceae",42,"Holodiscus",1577,64883,2.43052879799023,165,134,257,"B","Holodiscus argenteus","Bombus flavifrons",87.463588305103
"Minuartia recurva","Caryophyllaceae",42,"Minuartia",1392,129766,2.14540018186582,165,181,225,"H","Minuartia recurva","Bombus flavifrons",87.463588305103
"Sagina procumbens","Caryophyllaceae",42,"Sagina",1343,64883,2.06987962948692,165,178,228,"H","Sagina procumbens","Bombus flavifrons",87.463588305103
"Rhodiola rosea","Crassulaceae",42,"Rhodiola",1053,64883,1.62292125826488,165,168,225,"H","Rhodiola rosea","Bombus flavifrons",87.463588305103
"Mertensia ciliata","Boraginaceae",43,"Mertensia",48329,113944,42.4146949378642,171,164,218,"A","Mertensia ciliata","Bombus flavifrons",95.4740925366846
"Mertensia fusiformis","Boraginaceae",43,"Mertensia",25975,113944,22.7962858948255,171,148,190,"H","Mertensia fusiformis","Bombus flavifrons",95.4740925366846
"Hydrophyllum fendleri","Hydrophyllaceae",43,"Hydrophyllum",11728,113944,10.2927753984413,171,134,257,"A","Hydrophyllum fendleri","Bombus flavifrons",95.4740925366846
"Lupinus argenteus","Fabaceae",43,"Lupinus",5472,113944,4.80235905357017,171,178,225,"G","Lupinus argenteus","Bombus flavifrons",95.4740925366846
"Erigeron grandiflorus","Asteraceae",43,"Erigeron",3974,113944,3.4876781576915,171,134,257,"H","Erigeron grandiflorus","Bombus flavifrons",95.4740925366846
"Epilobium canum","Onagraceae",43,"Epilobium",3260,113944,2.86105455311381,171,180,229,"H","Epilobium canum","Bombus flavifrons",95.4740925366846
"Hydrophyllum canadense","Hydrophyllaceae",43,"Hydrophyllum",2346,113944,2.05890612932669,171,134,257,"H","Hydrophyllum canadense","Bombus flavifrons",95.4740925366846
"Lupinus sericeus","Fabaceae",43,"Lupinus",1910,113944,1.67626202345012,171,134,257,"A","Lupinus sericeus","Bombus flavifrons",95.4740925366846
"Taraxacum officinale","Asteraceae",43,"Taraxacum",1334,113944,1.17075054412694,171,134,257,"B","Taraxacum officinale","Bombus flavifrons",95.4740925366846
"Cynoglossum pringlei","Boraginaceae",43,"Cynoglossum",861,113944,0.755634346696623,171,134,257,"B","Cynoglossum pringlei","Bombus flavifrons",95.4740925366846
"Delphinium barbeyi","Ranunculaceae",44,"Delphinium",49565,215463,23.0039496340439,181,185,221,"G","Delphinium barbeyi","Bombus kirbiellus",91.4361166418365
"Mertensia ciliata","Boraginaceae",44,"Mertensia",47165,215463,21.8900692926396,181,164,218,"A","Mertensia ciliata","Bombus kirbiellus",91.4361166418365
"Delphinium nuttallianum","Ranunculaceae",44,"Delphinium",33866,215463,15.7177798508329,181,154,186,"A","Delphinium nuttallianum","Bombus kirbiellus",91.4361166418365
"Mertensia fusiformis","Boraginaceae",44,"Mertensia",26976,215463,12.5200150373846,181,148,190,"H","Mertensia fusiformis","Bombus kirbiellus",91.4361166418365
"Delphinium gracile","Ranunculaceae",44,"Delphinium",12683,215463,5.88639348751294,181,185,221,"H","Delphinium gracile","Bombus kirbiellus",91.4361166418365
"Epilobium canum","Onagraceae",44,"Epilobium",6733,215463,3.12489847444805,181,180,229,"H","Epilobium canum","Bombus kirbiellus",91.4361166418365
"Lupinus argenteus","Fabaceae",44,"Lupinus",5601,215463,2.59951824675234,181,178,225,"A","Lupinus argenteus","Bombus kirbiellus",91.4361166418365
"Erigeron grandiflorus","Asteraceae",44,"Erigeron",4438,215463,2.05975039798016,181,134,257,"H","Erigeron grandiflorus","Bombus kirbiellus",91.4361166418365
"Lupinus sericeus","Fabaceae",44,"Lupinus",2207,215463,1.02430579728306,181,134,257,"A","Lupinus sericeus","Bombus kirbiellus",91.4361166418365
"Taraxacum officinale","Asteraceae",44,"Taraxacum",1458,215463,0.676682307403127,181,134,257,"B","Taraxacum officinale","Bombus kirbiellus",91.4361166418365
"Populus alba","Salicaceae",45,"Salix",23,96,23.9583333333333,163,134,257,"B","Salix","Bombus mixtus",99.9999999999999
"Odontostemma leucasterium","Caryophyllaceae",45,"Pseudostellaria",14,192,14.5833333333333,163,NA,NA,"None met","Pseudostellaria jamesiana","Bombus mixtus",99.9999999999999
"Lupinus argenteus","Fabaceae",45,"Lupinus",14,96,14.5833333333333,163,178,225,"H","Lupinus argenteus","Bombus mixtus",99.9999999999999
"Hydrophyllum fendleri","Hydrophyllaceae",45,"Hydrophyllum",9,96,9.375,163,134,257,"A","Hydrophyllum fendleri","Bombus mixtus",99.9999999999999
"Mertensia ciliata","Boraginaceae",45,"Mertensia",8,96,8.33333333333333,163,164,218,"G","Mertensia ciliata","Bombus mixtus",99.9999999999999
"Erigeron grandiflorus","Asteraceae",45,"Erigeron",7,96,7.29166666666667,163,134,257,"H","Erigeron grandiflorus","Bombus mixtus",99.9999999999999
"Symphyotrichum foliaceum","Asteraceae",45,"Symphyotrichum",3,96,3.125,163,134,257,"B","Symphyotrichum foliaceum","Bombus mixtus",99.9999999999999
"Taraxacum officinale","Asteraceae",45,"Taraxacum",3,96,3.125,163,134,257,"B","Taraxacum officinale","Bombus mixtus",99.9999999999999
"Mertensia fusiformis","Boraginaceae",45,"Mertensia",3,96,3.125,163,148,190,"H","Mertensia fusiformis","Bombus mixtus",99.9999999999999
"Agastache pallidiflora","Lamiaceae",45,"Agastache",3,96,3.125,163,175,227,"H","Agastache pallidiflora","Bombus mixtus",99.9999999999999
"Heterotheca villosa","Asteraceae",45,"Heterotheca",3,96,3.125,163,197,232,"H","Heterotheca villosa","Bombus mixtus",99.9999999999999
"Populus alba","Salicaceae",46,"Salix",697843,865021,80.6735327812851,163,134,257,"B","Salix","Bombus mixtus",95.8345519935354
"Mertensia fusiformis","Boraginaceae",46,"Mertensia",50588,865021,5.84818172044378,163,148,190,"H","Mertensia fusiformis","Bombus mixtus",95.8345519935354
"Mertensia ciliata","Boraginaceae",46,"Mertensia",19883,865021,2.29855691364718,163,164,218,"G","Mertensia ciliata","Bombus mixtus",95.8345519935354
"Lupinus argenteus","Fabaceae",46,"Lupinus",16336,865021,1.88850906509784,163,178,225,"H","Lupinus argenteus","Bombus mixtus",95.8345519935354
"Hydrophyllum canadense","Hydrophyllaceae",46,"Hydrophyllum",12924,865021,1.49406777407716,163,134,257,"H","Hydrophyllum canadense","Bombus mixtus",95.8345519935354
"Hydrophyllum fendleri","Hydrophyllaceae",46,"Hydrophyllum",8129,865021,0.939745971485085,163,134,257,"A","Hydrophyllum fendleri","Bombus mixtus",95.8345519935354
"Erigeron grandiflorus","Asteraceae",46,"Erigeron",4293,865021,0.496288529411425,163,134,257,"H","Erigeron grandiflorus","Bombus mixtus",95.8345519935354
"Cynoglossum pringlei","Boraginaceae",46,"Cynoglossum",3826,865021,0.442301400775241,163,134,257,"B","Cynoglossum pringlei","Bombus mixtus",95.8345519935354
"Cynoglossum anchusoides","Boraginaceae",46,"Cynoglossum",2699,865021,0.312015546443381,163,134,257,"B","Cynoglossum anchusoides","Bombus mixtus",95.8345519935354
"Cynoglossum amplifolium","Boraginaceae",46,"Cynoglossum",2506,865021,0.289703949383888,163,134,257,"B","Cynoglossum amplifolium","Bombus mixtus",95.8345519935354
"Delphinium barbeyi","Ranunculaceae",49,"Delphinium",29330,51626,56.8124588385697,190,185,221,"A","Delphinium barbeyi","Bombus nevadensis",96.2402665323674
"Delphinium nuttallianum","Ranunculaceae",49,"Delphinium",9025,51626,17.4815015689769,190,154,186,"G","Delphinium nuttallianum","Bombus nevadensis",96.2402665323674
"Delphinium gracile","Ranunculaceae",49,"Delphinium",4484,51626,8.68554604269167,190,185,221,"H","Delphinium gracile","Bombus nevadensis",96.2402665323674
"Viola odorata","Violaceae",49,"Viola",3948,51626,7.64730949521559,190,159,198,"H","Viola odorata","Bombus nevadensis",96.2402665323674
"Lithophragma parviflorum","Saxifragaceae",49,"Lithophragma",452,51626,0.875527834811917,190,134,257,"B","Lithophragma parviflorum","Bombus nevadensis",96.2402665323674
"Arenaria globiflora","Caryophyllaceae",49,"Arenaria",432,51626,0.836787665129973,190,134,257,"H","Arenaria globiflora","Bombus nevadensis",96.2402665323674
"Trollius europaeus","Ranunculaceae",49,"Trollius",384,51626,0.74381125789331,190,162,193,"H","Trollius europaeus","Bombus nevadensis",96.2402665323674
"Vicia americana","Fabaceae",49,"Vicia",364,51626,0.705071088211366,190,161,212,"A","Vicia americana","Bombus nevadensis",96.2402665323674
"Caltha palustris","Ranunculaceae",49,"Caltha",278,51626,0.538488358579011,190,164,205,"B","Caltha palustris","Bombus nevadensis",96.2402665323674
"Aquilegia ecalcarata","Ranunculaceae",49,"Aquilegia",194,51626,0.375779645914849,190,134,257,"H","Aquilegia ecalcarata","Bombus nevadensis",96.2402665323674
"Delphinium barbeyi","Ranunculaceae",51,"Delphinium",25209,51748,48.714926180722,166,185,221,"H","Delphinium barbeyi","Bombus nevadensis",95.3022339027595
"Delphinium nuttallianum","Ranunculaceae",51,"Delphinium",11957,51748,23.1062070031692,166,154,186,"A","Delphinium nuttallianum","Bombus nevadensis",95.3022339027595
"Delphinium gracile","Ranunculaceae",51,"Delphinium",5578,51748,10.7791605472675,166,185,221,"H","Delphinium gracile","Bombus nevadensis",95.3022339027595
"Viola odorata","Violaceae",51,"Viola",3341,51748,6.45628816572621,166,159,198,"H","Viola odorata","Bombus nevadensis",95.3022339027595
"Lithophragma parviflorum","Saxifragaceae",51,"Lithophragma",556,51748,1.07443765942645,166,134,257,"B","Lithophragma parviflorum","Bombus nevadensis",95.3022339027595
"Trollius europaeus","Ranunculaceae",51,"Trollius",453,51748,0.875396150575868,166,162,193,"H","Trollius europaeus","Bombus nevadensis",95.3022339027595
"Caltha palustris","Ranunculaceae",51,"Caltha",413,51748,0.798098477235835,166,164,205,"B","Caltha palustris","Bombus nevadensis",95.3022339027595
"Helianthella quinquenervis","Asteraceae",51,"Helianthella",309,51748,0.597124526551751,166,134,257,"B","Helianthella quinquenervis","Bombus nevadensis",95.3022339027595
"Dasiphora fruticosa","Rosaceae",51,"Dasiphora",282,51748,0.544948597047229,166,134,257,"A","Dasiphora fruticosa","Bombus nevadensis",95.3022339027595
"Aquilegia ecalcarata","Ranunculaceae",51,"Aquilegia",238,51748,0.459921156373193,166,134,257,"H","Aquilegia ecalcarata","Bombus nevadensis",95.3022339027595
"Lupinus argenteus","Fabaceae",52,"Lupinus",45605,128442,35.5062985627754,163,178,225,"H","Lupinus argenteus","Bombus nevadensis",88.1020227028542
"Lupinus sericeus","Fabaceae",52,"Lupinus",27384,128442,21.3201289297893,163,134,257,"A","Lupinus sericeus","Bombus nevadensis",88.1020227028542
"Mertensia ciliata","Boraginaceae",52,"Mertensia",10263,128442,7.99037697949269,163,164,218,"G","Mertensia ciliata","Bombus nevadensis",88.1020227028542
"Scabrethia scabra","Asteraceae",52,"Scabrethia",5630,256884,4.38330141231062,163,134,257,"A","Scabrethia scabra","Bombus nevadensis",88.1020227028542
"Arenaria globiflora","Caryophyllaceae",52,"Arenaria",3315,128442,2.58093147101415,163,134,257,"B","Arenaria globiflora","Bombus nevadensis",88.1020227028542
"Delphinium barbeyi","Ranunculaceae",52,"Delphinium",2890,128442,2.25004282088413,163,185,221,"H","Delphinium barbeyi","Bombus nevadensis",88.1020227028542
"Mertensia fusiformis","Boraginaceae",52,"Mertensia",2674,128442,2.08187353046511,163,148,190,"H","Mertensia fusiformis","Bombus nevadensis",88.1020227028542
"Delphinium nuttallianum","Ranunculaceae",52,"Delphinium",2632,128442,2.04917394621697,163,154,186,"A","Delphinium nuttallianum","Bombus nevadensis",88.1020227028542
"Erigeron grandiflorus","Asteraceae",52,"Erigeron",2504,128442,1.9495180704131,163,134,257,"H","Erigeron grandiflorus","Bombus nevadensis",88.1020227028542
"Holodiscus argenteus","Rosaceae",52,"Holodiscus",2138,128442,1.66456455053643,163,134,257,"B","Holodiscus argenteus","Bombus nevadensis",88.1020227028542
"Hydrophyllum canadense","Hydrophyllaceae",54,"Hydrophyllum",8647,46804,18.4749166737886,190,134,257,"H","Hydrophyllum canadense","Bombus rufocinctus",89.7508759935048
"Hydrophyllum fendleri","Hydrophyllaceae",54,"Hydrophyllum",7316,46804,15.6311426373814,190,134,257,"A","Hydrophyllum fendleri","Bombus rufocinctus",89.7508759935048
"Lupinus argenteus","Fabaceae",54,"Lupinus",3603,46804,7.69805999487223,190,178,225,"A","Lupinus argenteus","Bombus rufocinctus",89.7508759935048
"Scabrethia scabra","Asteraceae",54,"Scabrethia",3552,93608,7.58909494914964,190,134,257,"A","Scabrethia scabra","Bombus rufocinctus",89.7508759935048
"Arenaria globiflora","Caryophyllaceae",54,"Arenaria",2981,46804,6.36911375096146,190,134,257,"H","Arenaria globiflora","Bombus rufocinctus",89.7508759935048
"Minuartia recurva","Caryophyllaceae",54,"Minuartia",2930,93608,6.26014870523886,190,181,225,"H","Minuartia recurva","Bombus rufocinctus",89.7508759935048
"Holodiscus argenteus","Rosaceae",54,"Holodiscus",2698,46804,5.76446457567729,190,134,257,"B","Holodiscus argenteus","Bombus rufocinctus",89.7508759935048
"Sagina procumbens","Caryophyllaceae",54,"Sagina",2367,46804,5.05726006324246,190,178,228,"B","Sagina procumbens","Bombus rufocinctus",89.7508759935048
"Lupinus sericeus","Fabaceae",54,"Lupinus",2103,46804,4.49320570891377,190,134,257,"A","Lupinus sericeus","Bombus rufocinctus",89.7508759935048
"Geum ternatum","Rosaceae",54,"Geum",1350,46804,2.88436885736262,190,134,257,"H","Geum ternatum","Bombus rufocinctus",89.7508759935048
"Mertensia fusiformis","Boraginaceae",55,"Mertensia",171249,459295,37.285187080199,169,148,190,"H","Mertensia fusiformis","Bombus rufocinctus",96.0071413797233
"Lupinus argenteus","Fabaceae",55,"Lupinus",69708,459295,15.1771737118845,169,178,225,"G","Lupinus argenteus","Bombus rufocinctus",96.0071413797233
"Mertensia ciliata","Boraginaceae",55,"Mertensia",50459,459295,10.9861853492853,169,164,218,"A","Mertensia ciliata","Bombus rufocinctus",96.0071413797233
"Delphinium barbeyi","Ranunculaceae",55,"Delphinium",38965,459295,8.4836542962584,169,185,221,"H","Delphinium barbeyi","Bombus rufocinctus",96.0071413797233
"Delphinium nuttallianum","Ranunculaceae",55,"Delphinium",23212,459295,5.05383250416399,169,154,186,"A","Delphinium nuttallianum","Bombus rufocinctus",96.0071413797233
"Hydrophyllum canadense","Hydrophyllaceae",55,"Hydrophyllum",19350,459295,4.21297858674708,169,134,257,"H","Hydrophyllum canadense","Bombus rufocinctus",96.0071413797233
"Cynoglossum pringlei","Boraginaceae",55,"Cynoglossum",15992,459295,3.481858065078,169,134,257,"B","Cynoglossum pringlei","Bombus rufocinctus",96.0071413797233
"Cynoglossum anchusoides","Boraginaceae",55,"Cynoglossum",9915,459295,2.1587432913487,169,134,257,"B","Cynoglossum anchusoides","Bombus rufocinctus",96.0071413797233
"Delphinium gracile","Ranunculaceae",55,"Delphinium",9325,459295,2.03028554632644,169,185,221,"H","Delphinium gracile","Bombus rufocinctus",96.0071413797233
"Cynoglossum amplifolium","Boraginaceae",55,"Cynoglossum",9098,459295,1.9808619732416,169,134,257,"B","Cynoglossum amplifolium","Bombus rufocinctus",96.0071413797233
"Hydrophyllum canadense","Hydrophyllaceae",56,"Hydrophyllum",87597,238216,36.7720891963596,169,134,257,"H","Hydrophyllum canadense","Bombus rufocinctus",96.5149276287067
"Lupinus argenteus","Fabaceae",56,"Lupinus",73459,238216,30.8371394028949,169,178,225,"G","Lupinus argenteus","Bombus rufocinctus",96.5149276287067
"Lupinus sericeus","Fabaceae",56,"Lupinus",32940,238216,13.8277865466635,169,134,257,"A","Lupinus sericeus","Bombus rufocinctus",96.5149276287067
"Hydrophyllum fendleri","Hydrophyllaceae",56,"Hydrophyllum",21700,238216,9.10937972260469,169,134,257,"A","Hydrophyllum fendleri","Bombus rufocinctus",96.5149276287067
"Mertensia ciliata","Boraginaceae",56,"Mertensia",2249,238216,0.944101151895758,169,164,218,"A","Mertensia ciliata","Bombus rufocinctus",96.5149276287067
"Lathyrus lanszwertii","Fabaceae",56,"Lathyrus",2179,238216,0.914716056016389,169,134,257,"A","Lathyrus lanszwertii","Bombus rufocinctus",96.5149276287067
"Symphyotrichum foliaceum","Asteraceae",56,"Symphyotrichum",2024,238216,0.849649057997784,169,134,257,"B","Symphyotrichum foliaceum","Bombus rufocinctus",96.5149276287067
"Erigeron grandiflorus","Asteraceae",56,"Erigeron",1934,238216,0.811868220438594,169,134,257,"H","Erigeron grandiflorus","Bombus rufocinctus",96.5149276287067
"Nemophila menziesii","Boraginaceae",56,"Nemophila",1522,238216,0.638915941834302,169,134,257,"B","Nemophila menziesii","Bombus rufocinctus",96.5149276287067
"Taraxacum officinale","Asteraceae",56,"Taraxacum",1142,238216,0.479396849917722,169,134,257,"B","Taraxacum officinale","Bombus rufocinctus",96.5149276287067
"Lupinus argenteus","Fabaceae",60,"Lupinus",66600,203085,32.7941502326612,180,178,225,"A","Lupinus argenteus","Bombus rufocinctus",96.7949380801142
"Hydrophyllum canadense","Hydrophyllaceae",60,"Hydrophyllum",52450,203085,25.8266243198661,180,134,257,"H","Hydrophyllum canadense","Bombus rufocinctus",96.7949380801142
"Lupinus sericeus","Fabaceae",60,"Lupinus",33638,203085,16.5635078907846,180,134,257,"A","Lupinus sericeus","Bombus rufocinctus",96.7949380801142
"Hydrophyllum fendleri","Hydrophyllaceae",60,"Hydrophyllum",26463,203085,13.0305044685723,180,134,257,"A","Hydrophyllum fendleri","Bombus rufocinctus",96.7949380801142
"Mertensia ciliata","Boraginaceae",60,"Mertensia",6834,203085,3.36509343378388,180,164,218,"A","Mertensia ciliata","Bombus rufocinctus",96.7949380801142
"Aquilegia ecalcarata","Ranunculaceae",60,"Aquilegia",2031,203085,1.00007386069872,180,134,257,"H","Aquilegia ecalcarata","Bombus rufocinctus",96.7949380801142
"Erigeron grandiflorus","Asteraceae",60,"Erigeron",1778,203085,0.875495482187262,180,134,257,"H","Erigeron grandiflorus","Bombus rufocinctus",96.7949380801142
"Lathyrus lanszwertii","Fabaceae",60,"Lathyrus",1517,203085,0.746977866410616,180,134,257,"A","Lathyrus lanszwertii","Bombus rufocinctus",96.7949380801142
"Viola odorata","Violaceae",60,"Viola",1034,203085,0.5091464165251,180,159,198,"H","Viola odorata","Bombus rufocinctus",96.7949380801142
"Hydrophyllum capitatum","Hydrophyllaceae",60,"Hydrophyllum",888,203085,0.437255336435483,180,134,257,"A","Hydrophyllum capitatum","Bombus rufocinctus",96.7949380801142
"Mertensia ciliata","Boraginaceae",65,"Mertensia",45750,128021,35.7363245092602,176,164,218,"A","Mertensia ciliata","Bombus rufocinctus",92.7207255059717
"Mertensia fusiformis","Boraginaceae",65,"Mertensia",25958,128021,20.2763609095383,176,148,190,"H","Mertensia fusiformis","Bombus rufocinctus",92.7207255059717
"Hydrophyllum fendleri","Hydrophyllaceae",65,"Hydrophyllum",10493,128021,8.19631154263753,176,134,257,"A","Hydrophyllum fendleri","Bombus rufocinctus",92.7207255059717
"Viola odorata","Violaceae",65,"Viola",9929,128021,7.75575882081846,176,159,198,"H","Viola odorata","Bombus rufocinctus",92.7207255059717
"Lupinus argenteus","Fabaceae",65,"Lupinus",5251,128021,4.10167081963115,176,178,225,"G","Lupinus argenteus","Bombus rufocinctus",92.7207255059717
"Erigeron grandiflorus","Asteraceae",65,"Erigeron",4136,128021,3.23071996000656,176,134,257,"H","Erigeron grandiflorus","Bombus rufocinctus",92.7207255059717
"Cynoglossum amplifolium","Boraginaceae",65,"Cynoglossum",3913,128021,3.05652978808164,176,134,257,"B","Cynoglossum amplifolium","Bombus rufocinctus",92.7207255059717
"Populus alba","Salicaceae",65,"Salix",2929,128021,2.28790589043985,176,134,257,"B","Salix","Bombus rufocinctus",92.7207255059717
"Hydrophyllum canadense","Hydrophyllaceae",65,"Hydrophyllum",1937,128021,1.51303301802048,176,134,257,"H","Hydrophyllum canadense","Bombus rufocinctus",92.7207255059717
"Lupinus sericeus","Fabaceae",65,"Lupinus",1854,128021,1.44819990470313,176,134,257,"A","Lupinus sericeus","Bombus rufocinctus",92.7207255059717
