"sample.id","Taxon","Genus","taxonomy_id","taxonomy_lvl","kraken_assigned_reads","added_reads","new_est_reads","fraction_total_reads","Family","Order","Rank"
"10","Agastache pallidiflora","Agastache",313656,"S",15145,480,15625,0.20751,"Lamiaceae","Lamiales","species"
"10","Mertensia ciliata","Mertensia",1288209,"S",3823,8129,11952,0.15873,"Boraginaceae","Boraginales","species"
"10","Erigeron sp.","Erigeron",91271,"G",3885,2444,6329,0.08405,NA,NA,"genus"
"10","Lupinus argenteus","Lupinus",53216,"S",3068,2547,5615,0.07457,"Fabaceae","Fabales","species"
"10","Mertensia fusiformis","Mertensia",1463753,"S",2365,2798,5163,0.06857,"Boraginaceae","Boraginales","species"
"10","Lupinus sericeus","Lupinus",61075,"S",3394,1412,4806,0.06383,"Fabaceae","Fabales","species"
"10","Taraxacum officinale","Taraxacum",50225,"S",2584,51,2635,0.03499,"Asteraceae","Asterales","species"
"10","Arenaria lanuginosa","Arenaria",2887378,"S",1683,922,2605,0.0346,NA,NA,"species"
"10","Delphinium nuttallianum","Delphinium",136334,"S",2961,650,3611,0.04796,"Ranunculaceae","Ranunculales","species"
"10","Dasiphora fruticosa","Dasiphora",32239,"S",1608,25,1633,0.02169,"Rosaceae","Rosales","species"
"10","Helianthella quinquenervis","Helianthella",53582,"S",1270,304,1574,0.0209,"Asteraceae","Asterales","species"
"10","Hydrophyllum capitatum","Hydrophyllum",79360,"S",1407,56,1463,0.01943,"Hydrophyllaceae","Boraginales","species"
"10","Epilobium sp.","Epilobium",33131,"G",880,3,883,0.01173,NA,NA,"genus"
"10","Hypericum scouleri","Hypericum",65561,"S",784,3,787,0.01045,NA,NA,"species"
"10","Frasera speciosa","Frasera",50758,"S",757,27,784,0.01041,"Gentianaceae","Gentianales","species"
"10","Aquilegia elegantula","Aquilegia",46965,"S",647,66,713,0.00947,"Ranunculaceae","Ranunculales","species"
"10","Pseudognaphalium macounii","Pseudognaphalium",1754165,"S",693,20,713,0.00947,NA,NA,"species"
"10","Aquilegia sp.","Aquilegia",46965,"G",647,66,713,0.00947,NA,NA,"genus"
"10","Cirsium sp.","Cirsium",92907,"G",671,8,679,0.00902,NA,NA,"genus"
"10","Astragalus sp.","Astragalus",47093,"G",523,0,523,0.00695,NA,NA,"genus"
"12","Hydrophyllum fendleri","Hydrophyllum",86854,"S",19420,2938,22358,0.31221,"Hydrophyllaceae","Boraginales","species"
"12","Mertensia ciliata","Mertensia",1288209,"S",884,6837,7721,0.10782,"Boraginaceae","Boraginales","species"
"12","Hydrophyllum sp.","Hydrophyllum",85212,"G",4945,21,4966,0.06935,NA,NA,"genus"
"12","Lupinus argenteus","Lupinus",53216,"S",1030,3804,4834,0.0675,"Fabaceae","Fabales","species"
"12","Erigeron sp.","Erigeron",91271,"G",4763,3159,7922,0.11062,NA,NA,"genus"
"12","Lupinus sericeus","Lupinus",61075,"S",1345,2457,3802,0.05309,"Fabaceae","Fabales","species"
"12","Arenaria lanuginosa","Arenaria",2887378,"S",1678,1964,3642,0.05086,NA,NA,"species"
"12","Agastache pallidiflora","Agastache",313656,"S",2917,106,3023,0.04221,"Lamiaceae","Lamiales","species"
"12","Mertensia fusiformis","Mertensia",1463753,"S",620,2168,2788,0.03893,"Boraginaceae","Boraginales","species"
"12","Cirsium parryi","Cirsium",2718697,"S",1299,294,1593,0.02224,"Asteraceae","Asterales","species"
"12","Hypericum scouleri","Hypericum",65561,"S",1542,23,1565,0.02185,NA,NA,"species"
"12","Hydrophyllum capitatum","Hydrophyllum",79360,"S",1100,178,1278,0.01785,"Hydrophyllaceae","Boraginales","species"
"12","Taraxacum officinale","Taraxacum",50225,"S",1046,32,1078,0.01505,"Asteraceae","Asterales","species"
"12","Ribes sp.","Ribes",175228,"G",976,1,977,0.01364,NA,NA,"genus"
"12","Epilobium sp.","Epilobium",33131,"G",830,9,839,0.01172,NA,NA,"genus"
"12","Helianthella quinquenervis","Helianthella",53582,"S",771,53,824,0.01151,"Asteraceae","Asterales","species"
"12","Cynoglossum officinale","Cynoglossum",1037329,"S",798,9,807,0.01127,NA,NA,"species"
"12","Androsace septentrionalis","Androsace",229527,"S",503,33,536,0.00748,NA,NA,"species"
"14","Hydrophyllum sp.","Hydrophyllum",85212,"G",46151,154,46305,0.52496,NA,NA,"genus"
"14","Hydrophyllum fendleri","Hydrophyllum",86854,"S",17689,1744,19433,0.22031,"Hydrophyllaceae","Boraginales","species"
"14","Hydrophyllum capitatum","Hydrophyllum",79360,"S",10516,368,10884,0.12339,"Hydrophyllaceae","Boraginales","species"
"14","Mertensia fusiformis","Mertensia",1463753,"S",1571,843,2414,0.02737,"Boraginaceae","Boraginales","species"
"14","Taraxacum officinale","Taraxacum",50225,"S",1660,466,2126,0.0241,"Asteraceae","Asterales","species"
"14","Mertensia ciliata","Mertensia",1288209,"S",1069,1042,2111,0.02393,"Boraginaceae","Boraginales","species"
"14","Lupinus argenteus","Lupinus",53216,"S",902,602,1504,0.01705,"Fabaceae","Fabales","species"
"14","Nemophila breviflora","Nemophila",79376,"S",1156,40,1196,0.01356,NA,NA,"species"
"15","Taraxacum officinale","Taraxacum",50225,"S",14187,675,14862,0.17107,"Asteraceae","Asterales","species"
"15","Agastache pallidiflora","Agastache",313656,"S",7252,328,7580,0.08725,"Lamiaceae","Lamiales","species"
"15","Mertensia ciliata","Mertensia",1288209,"S",747,5381,6128,0.07053,"Boraginaceae","Boraginales","species"
"15","Arenaria lanuginosa","Arenaria",2887378,"S",3008,3074,6082,0.07001,NA,NA,"species"
"15","Lupinus sericeus","Lupinus",61075,"S",2390,3612,6002,0.06908,"Fabaceae","Fabales","species"
"15","Lupinus argenteus","Lupinus",53216,"S",1022,3444,4466,0.0514,"Fabaceae","Fabales","species"
"15","Sorbus scopulina","Sorbus",1572685,"S",5864,2108,7972,0.09175,NA,NA,NA
"15","Erigeron sp.","Erigeron",91271,"G",1436,3029,4465,0.05139,NA,NA,"genus"
"15","Hydrophyllum fendleri","Hydrophyllum",86854,"S",3203,460,3663,0.04216,"Hydrophyllaceae","Boraginales","species"
"15","Crataegus erythropoda","Crataegus",2894908,"S",2894,190,3084,0.0355,NA,NA,"species"
"15","Rosaceae",NA,1770156,"F",2502,442,2944,0.03389,NA,NA,NA
"15","Senecio integerrimus","Senecio",2841768,"S",2640,87,2727,0.03139,"Asteraceae","Asterales","species"
"15","Senecio sp.","Senecio",2841768,"G",2640,87,2727,0.03139,NA,NA,"genus"
"15","Ribes sp.","Ribes",175228,"G",2540,5,2545,0.02929,NA,NA,"genus"
"15","Mertensia fusiformis","Mertensia",1463753,"S",535,1771,2306,0.02654,"Boraginaceae","Boraginales","species"
"15","Dasiphora fruticosa","Dasiphora",32239,"S",1512,37,1549,0.01783,"Rosaceae","Rosales","species"
"15","Hydrophyllum capitatum","Hydrophyllum",79360,"S",1145,168,1313,0.01511,"Hydrophyllaceae","Boraginales","species"
"15","Taraxacum campylodes","Taraxacum",90027,"S",1184,68,1252,0.01441,NA,NA,"species"
"15","Epilobium sp.","Epilobium",33131,"G",1230,12,1242,0.0143,NA,NA,"genus"
"15","Hydrophyllum sp.","Hydrophyllum",85212,"G",1013,3,1016,0.01169,NA,NA,"genus"
"15","Hypericum scouleri","Hypericum",65561,"S",939,18,957,0.01102,NA,NA,"species"
"15","Viola sp.","Viola",97441,"G",724,51,775,0.00892,NA,NA,"genus"
"15","Cynoglossum officinale","Cynoglossum",1037329,"S",730,2,732,0.00843,NA,NA,"species"
"15","Sagina saginoides","Sagina",230724,"S",607,125,732,0.00843,NA,NA,"species"
"17","Lupinus sericeus","Lupinus",61075,"S",174734,68938,243672,0.45169,"Fabaceae","Fabales","species"
"17","Lupinus argenteus","Lupinus",53216,"S",133411,48673,182084,0.33753,"Fabaceae","Fabales","species"
"17","Mertensia brevistyla","Mertensia",1288209,"S",6694,2595,9289,0.01722,"Boraginaceae","Boraginales","species"
"17","Taraxacum officinale","Taraxacum",50225,"S",4594,590,5184,0.00961,"Asteraceae","Asterales","species"
"17","Hydrophyllum sp.","Hydrophyllum",85212,"G",3796,10,3806,0.00706,NA,NA,"genus"
"17","Astragalus sp.","Astragalus",47093,"G",3360,0,3360,0.00623,NA,NA,"genus"
"17","Salix sp.","Salix",43335,"G",3005,0,3005,0.00557,NA,NA,"species"
"17","Arenaria lanuginosa","Arenaria",2887378,"S",2648,273,2921,0.00541,NA,NA,"species"
"17","Erigeron sp.","Erigeron",91271,"G",1417,757,2174,0.00403,NA,NA,"genus"
"17","Sorbus scopulina","Sorbus",1572685,"S",1146,758,1904,0.00353,NA,NA,NA
"17","Sedum lanceolatum","Sedum",85264,"S",1475,0,1475,0.00273,NA,NA,"species"
"17","Anemone sp.",NA,714493,"G",1358,116,1474,0.00273,NA,NA,NA
"17","Vicia americana","Vicia",200966,"S",1251,32,1283,0.00238,"Fabaceae","Fabales","species"
"17","Trollius sp.","Trollius",212754,"G",970,231,1201,0.00223,NA,NA,"genus"
"17","Scabrethia scabra","Scabrethia",230225,"S",1014,84,1098,0.00204,"Asteraceae","Asterales","species"
"17","Berberis repens","Berberis",1433329,"S",899,0,899,0.00167,NA,NA,"species"
"17","Hydrophyllum capitatum","Hydrophyllum",79360,"S",863,9,872,0.00162,"Hydrophyllaceae","Boraginales","species"
"17","Taraxacum campylodes","Taraxacum",90027,"S",715,155,870,0.00161,NA,NA,"species"
"17","Parnassia fimbriata","Parnassia",38862,"S",822,40,862,0.0016,NA,NA,"species"
"17","Rubus sp.","Rubus",714495,"G",770,72,842,0.00156,NA,NA,"genus"
"17","Shepherdia canadensis","Shepherdia",72158,"S",739,29,768,0.00142,NA,NA,"species"
"17","Brickellia grandiflora","Brickellia",1550814,"S",661,74,735,0.00136,NA,NA,"species"
"17","Cynoglossum officinale","Cynoglossum",256486,"S",637,98,735,0.00136,NA,NA,"species"
"17","Agastache pallidiflora","Agastache",313656,"S",717,8,725,0.00134,"Lamiaceae","Lamiales","species"
"17","Hydrophyllum fendleri","Hydrophyllum",86854,"S",656,53,709,0.00131,"Hydrophyllaceae","Boraginales","species"
"17","Phlox multiflora","Phlox",1570903,"S",637,72,709,0.00131,"Polemoniaceae","Ericales","species"
"17","Phlox sp.","Phlox",1570903,"G",637,72,709,0.00131,NA,NA,"genus"
"17","Holodiscus dumosus","Holodiscus",1961195,"S",643,41,684,0.00127,NA,NA,"species"
"17","Hypericum scouleri","Hypericum",65561,"S",586,0,586,0.00109,NA,NA,"species"
"17","Collomia linearis","Collomia",66234,"S",517,26,543,0.00101,NA,NA,"species"
"17","Corydalis caseana","Corydalis",2894902,"S",539,0,539,0.001,NA,NA,"species"
"17","Delphinium sp.","Delphinium",984877,"G",523,9,532,0.00099,NA,NA,"genus"
"18","Mertensia fusiformis","Mertensia",1463753,"S",99225,30055,129280,0.17804,"Boraginaceae","Boraginales","species"
"18","Lupinus sericeus","Lupinus",61075,"S",74354,34670,109024,0.15014,"Fabaceae","Fabales","species"
"18","Vaccinium scoparium","Vaccinium",180772,"S",92927,1927,94854,0.13063,"Ericaceae","Ericales","species"
"18","Vaccinium sp.","Vaccinium",180772,"G",92927,1927,94854,0.13063,NA,NA,"genus"
"18","Lupinus argenteus","Lupinus",53216,"S",61582,27946,89528,0.12329,"Fabaceae","Fabales","species"
"18","Salix sp.","Salix",43335,"G",68013,20,68033,0.09369,NA,NA,"species"
"18","Mertensia ciliata","Mertensia",1288209,"S",35248,19542,54790,0.07545,"Boraginaceae","Boraginales","species"
"18","Arenaria lanuginosa","Arenaria",2887378,"S",10219,1164,11383,0.01568,NA,NA,"species"
"18","Gaultheria humifusa","Gaultheria",1091537,"S",9581,295,9876,0.0136,NA,NA,"species"
"18","Hydrophyllum sp.","Hydrophyllum",85212,"G",9629,81,9710,0.01337,NA,NA,"genus"
"18","Cynoglossum officinale","Cynoglossum",1037329,"S",21307,3480,24787,0.03414,NA,NA,"species"
"18","Erigeron sp.","Erigeron",91271,"G",6821,2503,9324,0.01284,NA,NA,"genus"
"18","Sorbus scopulina","Sorbus",1572685,"S",4252,3470,7722,0.01064,NA,NA,NA
"18","Senecio integerrimus","Senecio",462536,"S",7010,11091,18101,0.02493,"Asteraceae","Asterales","species"
"18","Senecio sp.","Senecio",462536,"G",7010,11091,18101,0.02493,NA,NA,"genus"
"18","Trollius sp.","Trollius",212754,"G",2747,589,3336,0.00459,NA,NA,"genus"
"18","Epilobium sp.","Epilobium",33131,"G",3163,101,3264,0.0045,NA,NA,"genus"
"18","Hydrophyllum capitatum","Hydrophyllum",79360,"S",2352,63,2415,0.00333,"Hydrophyllaceae","Boraginales","species"
"18","Potentilla anserina","Potentilla",57926,"S",2251,137,2388,0.00329,"Rosaceae","Rosales","species"
"18","Corydalis caseana","Corydalis",2894902,"S",1995,2,1997,0.00275,NA,NA,"species"
"18","Phlox multiflora","Phlox",1570903,"S",1881,57,1938,0.00267,"Polemoniaceae","Ericales","species"
"18","Phlox sp.","Phlox",1570903,"G",1881,57,1938,0.00267,NA,NA,"genus"
"18","Rubus sp.","Rubus",714495,"G",1739,194,1933,0.00266,NA,NA,"genus"
"18","Collomia linearis","Collomia",66234,"S",1885,26,1911,0.00263,NA,NA,"species"
"18","Anemone sp.",NA,714493,"G",1720,173,1893,0.00261,NA,NA,NA
"18","Sedum lanceolatum","Sedum",85264,"S",1708,1,1709,0.00235,NA,NA,"species"
"18","Hypericum scouleri","Hypericum",65561,"S",1596,1,1597,0.0022,NA,NA,"species"
"18","Astragalus sp.","Astragalus",47093,"G",1469,0,1469,0.00202,NA,NA,"genus"
"18","Pseudognaphalium macounii","Pseudognaphalium",1754165,"S",1147,314,1461,0.00201,NA,NA,"species"
"18","Parnassia fimbriata","Parnassia",38862,"S",1403,51,1454,0.002,NA,NA,"species"
"18","Scabrethia scabra","Scabrethia",230225,"S",1406,19,1425,0.00196,"Asteraceae","Asterales","species"
"18","Hydrophyllum fendleri","Hydrophyllum",86854,"S",1037,281,1318,0.00182,"Hydrophyllaceae","Boraginales","species"
"18","Taraxacum officinale","Taraxacum",50225,"S",1042,224,1266,0.00174,"Asteraceae","Asterales","species"
"18","Minuartia macrantha","Minuartia",685559,"S",1225,36,1261,0.00174,NA,NA,"species"
"18","Potentilla sp.","Potentilla",667297,"G",1144,112,1256,0.00173,NA,NA,"genus"
"18","Crataegus erythropoda","Crataegus",2894908,"S",1109,144,1253,0.00173,NA,NA,"species"
"18","Nemophila breviflora","Nemophila",79376,"S",1004,21,1025,0.00141,NA,NA,"species"
"18","Agastache pallidiflora","Agastache",313656,"S",999,3,1002,0.00138,"Lamiaceae","Lamiales","species"
"18","Geum sp.","Geum",1640877,"G",958,16,974,0.00134,NA,NA,"genus"
"18","Cerastium arvense","Cerastium",2893814,"S",803,146,949,0.00131,NA,NA,"species"
"18","Paxistima myrsinites","Paxistima",123440,"S",924,0,924,0.00127,NA,NA,"species"
"18","Holodiscus dumosus","Holodiscus",1961195,"S",868,27,895,0.00123,NA,NA,"species"
"18","Vicia americana","Vicia",200966,"S",882,11,893,0.00123,"Fabaceae","Fabales","species"
"18","Sagina saginoides","Sagina",230724,"S",864,23,887,0.00122,NA,NA,"species"
"18","Crepis intermedia","Crepis",268348,"S",867,16,883,0.00122,NA,NA,"species"
"18","Aquilegia elegantula","Aquilegia",46965,"S",759,115,874,0.0012,"Ranunculaceae","Ranunculales","species"
"18","Aquilegia sp.","Aquilegia",46965,"G",759,115,874,0.0012,NA,NA,"genus"
"18","Brickellia grandiflora","Brickellia",1550814,"S",846,18,864,0.00119,NA,NA,"species"
"18","Actaea rubra","Actaea",64034,"S",740,103,843,0.00116,NA,NA,"species"
"18","Shepherdia canadensis","Shepherdia",72158,"S",760,79,839,0.00116,NA,NA,"species"
"18","Thalictrum fendleri","Thalictrum",46969,"S",723,85,808,0.00111,"Ranunculaceae","Ranunculales","species"
"18","Thalictrum sp.","Thalictrum",46969,"G",723,85,808,0.00111,NA,NA,"genus"
"18","Asteroideae",NA,261773,"Subfamily",686,113,799,0.0011,NA,NA,NA
"18","Microseris nutans","Microseris",51940,"S",738,31,769,0.00106,NA,NA,"species"
"18","Rosaceae",NA,1770156,"F",513,243,756,0.00104,NA,NA,NA
"18","Ribes sp.","Ribes",175228,"G",715,29,744,0.00102,NA,NA,"genus"
"18","Tonestus pygmaeus","Tonestus",217608,"S",674,31,705,0.00097,NA,NA,"species"
"18","Orthilia secunda","Orthilia",93819,"S",572,90,662,0.00091,"Ericaceae","Ericales","species"
"18","Rhodiola sp.","Rhodiola",203015,"G",549,62,611,0.00084,NA,NA,"genus"
"18","Leucanthemum vulgare","Leucanthemum",1155837,"S",533,22,555,0.00076,NA,NA,"species"
"18","Stellaria sp.","Stellaria",1137914,"G",543,3,546,0.00075,NA,NA,"genus"
"19","Hydrophyllum sp.","Hydrophyllum",85212,"G",119034,1284,120318,0.64725,NA,NA,"genus"
"19","Hydrophyllum capitatum","Hydrophyllum",79360,"S",26393,3374,29767,0.16013,"Hydrophyllaceae","Boraginales","species"
"19","Hydrophyllum fendleri","Hydrophyllum",86854,"S",11279,4017,15296,0.08228,"Hydrophyllaceae","Boraginales","species"
"19","Lupinus argenteus","Lupinus",53216,"S",1452,3631,5083,0.02734,"Fabaceae","Fabales","species"
"19","Lupinus sericeus","Lupinus",61075,"S",1625,2153,3778,0.02032,"Fabaceae","Fabales","species"
"19","Arenaria lanuginosa","Arenaria",2887378,"S",1199,1200,2399,0.01291,NA,NA,"species"
"19","Erigeron sp.","Erigeron",91271,"G",684,1364,2048,0.01102,NA,NA,"genus"
"19","Nemophila breviflora","Nemophila",79376,"S",1886,109,1995,0.01073,NA,NA,"species"
"19","Vaccinium sp.","Vaccinium",180772,"G",738,274,1012,0.00544,NA,NA,"genus"
"19","Agastache pallidiflora","Agastache",313656,"S",726,21,747,0.00402,"Lamiaceae","Lamiales","species"
"19","Salix sp.","Salix",43335,"G",700,3,703,0.00378,NA,NA,"species"
"19","Parnassia fimbriata","Parnassia",38862,"S",629,0,629,0.00338,NA,NA,"species"
"19","Potentilla anserina","Potentilla",57926,"S",528,95,623,0.00335,"Rosaceae","Rosales","species"
"19","Geum triflorum","Geum",1640877,"S",528,32,560,0.00301,"Rosaceae","Rosales","species"
"19","Geum sp.","Geum",1640877,"G",528,32,560,0.00301,NA,NA,"genus"
"20","Mertensia ciliata","Mertensia",1288209,"S",23226,2061,25287,0.37016,"Boraginaceae","Boraginales","species"
"20","Mertensia fusiformis","Mertensia",1463753,"S",21079,1208,22287,0.32624,"Boraginaceae","Boraginales","species"
"20","Lupinus argenteus","Lupinus",53216,"S",5271,304,5575,0.08161,"Fabaceae","Fabales","species"
"20","Hydrophyllum fendleri","Hydrophyllum",86854,"S",4838,175,5013,0.07338,"Hydrophyllaceae","Boraginales","species"
"20","Parnassia fimbriata","Parnassia",38862,"S",3701,0,3701,0.05418,NA,NA,"species"
"20","Erigeron sp.","Erigeron",91271,"G",1639,191,1830,0.02679,NA,NA,"genus"
"20","Hydrophyllum sp.","Hydrophyllum",85212,"G",1301,1,1302,0.01906,NA,NA,"genus"
"20","Lupinus sericeus","Lupinus",61075,"S",1032,42,1074,0.01572,"Fabaceae","Fabales","species"
"20","Taraxacum officinale","Taraxacum",50225,"S",877,15,892,0.01306,"Asteraceae","Asterales","species"
"20","Cynoglossum officinale","Cynoglossum",1421735,"S",594,135,729,0.01067,NA,NA,"species"
"20","Epilobium sp.","Epilobium",33131,"G",619,0,619,0.00906,NA,NA,"genus"
"21","Hydrophyllum fendleri","Hydrophyllum",86854,"S",27572,1268,28840,0.71148,"Hydrophyllaceae","Boraginales","species"
"21","Hydrophyllum sp.","Hydrophyllum",85212,"G",7602,13,7615,0.18786,NA,NA,"genus"
"21","Parnassia fimbriata","Parnassia",38862,"S",1558,0,1558,0.03844,NA,NA,"species"
"21","Hydrophyllum capitatum","Hydrophyllum",79360,"S",1423,64,1487,0.03668,"Hydrophyllaceae","Boraginales","species"
"21","Lupinus argenteus","Lupinus",53216,"S",571,462,1033,0.02548,"Fabaceae","Fabales","species"
"23","Delphinium nuttallianum","Delphinium",136316,"S",74908,3426,78334,0.869,"Ranunculaceae","Ranunculales","species"
"23","Delphinium sp.","Delphinium",984877,"G",6179,0,6179,0.06855,NA,NA,"genus"
"23","Arenaria lanuginosa","Arenaria",2887378,"S",907,4800,5707,0.06331,NA,NA,"species"
"23","Hypericum scouleri","Hypericum",65561,"S",757,431,1188,0.01318,NA,NA,"species"
"23","Caltha leptosepala","Caltha",3449,"S",640,417,1057,0.01173,NA,NA,"species"
"23","Viola sp.","Viola",97441,"G",674,228,902,0.01001,NA,NA,"genus"
"23","Trollius sp.","Trollius",212754,"G",802,50,852,0.00945,NA,NA,"genus"
"23","Potentilla anserina","Potentilla",57926,"S",556,157,713,0.00791,"Rosaceae","Rosales","species"
"23","Lithophragma glabrum","Lithophragma",100316,"S",546,2,548,0.00608,NA,NA,"species"
"24","Delphinium nuttallianum","Delphinium",136316,"S",13028,893,13921,0.99985,"Ranunculaceae","Ranunculales","species"
"24","Delphinium sp.","Delphinium",984877,"G",1833,0,1833,0.13165,NA,NA,"genus"
"25","Delphinium nuttallianum","Delphinium",136316,"S",62259,3212,65471,0.94722,"Ranunculaceae","Ranunculales","species"
"25","Delphinium sp.","Delphinium",984877,"G",9356,0,9356,0.13536,NA,NA,"genus"
"25","Taraxacum officinale","Taraxacum",50225,"S",608,818,1426,0.02063,"Asteraceae","Asterales","species"
"25","Trollius sp.","Trollius",212754,"G",899,259,1158,0.01675,NA,NA,"genus"
"25","Caltha leptosepala","Caltha",3449,"S",609,453,1062,0.01536,NA,NA,"species"
"26","Delphinium nuttallianum","Delphinium",136316,"S",415622,23645,439267,0.83468,"Ranunculaceae","Ranunculales","species"
"26","Delphinium sp.","Delphinium",984877,"G",55075,0,55075,0.10465,NA,NA,"genus"
"26","Taraxacum officinale","Taraxacum",50225,"S",8359,1239,9598,0.01824,"Asteraceae","Asterales","species"
"26","Trollius sp.","Trollius",212754,"G",5815,889,6704,0.01274,NA,NA,"genus"
"26","Caltha leptosepala","Caltha",3449,"S",5661,19,5680,0.01079,NA,NA,"species"
"26","Aquilegia elegantula","Aquilegia",46965,"S",3041,1674,4715,0.00896,"Ranunculaceae","Ranunculales","species"
"26","Aquilegia sp.","Aquilegia",46965,"G",3041,1674,4715,0.00896,NA,NA,"genus"
"26","Lupinus argenteus","Lupinus",53216,"S",1208,3447,4655,0.00885,"Fabaceae","Fabales","species"
"26","Thalictrum sp.","Thalictrum",79802,"G",4495,3054,7549,0.01434,NA,NA,"genus"
"26","Hydrophyllum capitatum","Hydrophyllum",79360,"S",3024,363,3387,0.00644,"Hydrophyllaceae","Boraginales","species"
"26","Anemone sp.",NA,714493,"G",3271,1948,5219,0.00992,NA,NA,NA
"26","Lupinus sericeus","Lupinus",61075,"S",1313,1764,3077,0.00585,"Fabaceae","Fabales","species"
"26","Erigeron sp.","Erigeron",91271,"G",797,2200,2997,0.00569,NA,NA,"genus"
"26","Dasiphora fruticosa","Dasiphora",32239,"S",2553,197,2750,0.00523,"Rosaceae","Rosales","species"
"26","Taraxacum campylodes","Taraxacum",90027,"S",1932,438,2370,0.0045,NA,NA,"species"
"26","Actaea rubra","Actaea",64034,"S",921,1356,2277,0.00433,NA,NA,"species"
"26","Corydalis caseana","Corydalis",2894902,"S",2261,0,2261,0.0043,NA,NA,"species"
"26","Geum sp.","Geum",1640877,"G",1993,31,2024,0.00385,NA,NA,"genus"
"26","Parnassia fimbriata","Parnassia",38862,"S",1887,57,1944,0.00369,NA,NA,"species"
"26","Arenaria lanuginosa","Arenaria",2887378,"S",1016,844,1860,0.00353,NA,NA,"species"
"26","Helianthella quinquenervis","Helianthella",53582,"S",946,834,1780,0.00338,"Asteraceae","Asterales","species"
"26","Potentilla anserina","Potentilla",57926,"S",1258,514,1772,0.00337,"Rosaceae","Rosales","species"
"26","Berberis repens","Berberis",1433329,"S",1406,0,1406,0.00267,NA,NA,"species"
"26","Hypericum scouleri","Hypericum",65561,"S",1232,34,1266,0.00241,NA,NA,"species"
"26","Anemone multifida","Anemone",1164855,"S",1864,8,1872,0.00356,"Ranunculaceae","Ranunculales","species"
"26","Ribes sp.","Ribes",175228,"G",1099,3,1102,0.00209,NA,NA,"genus"
"26","Agastache pallidiflora","Agastache",313656,"S",909,77,986,0.00187,"Lamiaceae","Lamiales","species"
"26","Vaccinium scoparium","Vaccinium",180772,"S",634,190,824,0.00157,"Ericaceae","Ericales","species"
"26","Vaccinium sp.","Vaccinium",180772,"G",634,190,824,0.00157,NA,NA,"genus"
"26","Saxifraga sp.","Saxifraga",1891283,"G",679,135,814,0.00155,NA,NA,"genus"
"26","Epilobium sp.","Epilobium",33131,"G",758,37,795,0.00151,NA,NA,"genus"
"26","Orthilia secunda","Orthilia",93819,"S",780,14,794,0.00151,"Ericaceae","Ericales","species"
"26","Cynoglossum officinale","Cynoglossum",256486,"S",698,49,747,0.00142,NA,NA,"species"
"26","Phlox multiflora","Phlox",1570903,"S",691,49,740,0.00141,"Polemoniaceae","Ericales","species"
"26","Phlox sp.","Phlox",1570903,"G",691,49,740,0.00141,NA,NA,"genus"
"26","Rubus sp.","Rubus",714495,"G",622,106,728,0.00138,NA,NA,"genus"
"26","Sagina saginoides","Sagina",230724,"S",586,109,695,0.00132,NA,NA,"species"
"26","Viola sp.","Viola",97441,"G",608,45,653,0.00124,NA,NA,"genus"
"26","Microseris nutans","Microseris",51940,"S",555,2,557,0.00106,NA,NA,"species"
"26","Collomia linearis","Collomia",66234,"S",522,17,539,0.00102,NA,NA,"species"
"27","Delphinium nuttallianum","Delphinium",136316,"S",63298,3166,66464,0.9154,"Ranunculaceae","Ranunculales","species"
"27","Delphinium sp.","Delphinium",984877,"G",7930,0,7930,0.10922,NA,NA,"genus"
"27","Parnassia fimbriata","Parnassia",38862,"S",1155,1286,2441,0.03362,NA,NA,"species"
"27","Caltha leptosepala","Caltha",3449,"S",1005,329,1334,0.01837,NA,NA,"species"
"27","Thalictrum fendleri","Thalictrum",79802,"S",562,669,1231,0.01695,"Ranunculaceae","Ranunculales","species"
"27","Thalictrum sp.","Thalictrum",79802,"G",562,669,1231,0.01695,NA,NA,"genus"
"27","Trollius sp.","Trollius",212754,"G",935,199,1134,0.01562,NA,NA,"genus"
"28","Delphinium nuttallianum","Delphinium",136316,"S",78708,4343,83051,0.95011,"Ranunculaceae","Ranunculales","species"
"28","Delphinium sp.","Delphinium",984877,"G",10222,0,10222,0.11694,NA,NA,"genus"
"28","Caltha leptosepala","Caltha",3449,"S",1277,533,1810,0.02071,NA,NA,"species"
"28","Thalictrum fendleri","Thalictrum",46969,"S",513,824,1337,0.0153,"Ranunculaceae","Ranunculales","species"
"28","Thalictrum sp.","Thalictrum",46969,"G",513,824,1337,0.0153,NA,NA,"genus"
"28","Trollius sp.","Trollius",212754,"G",1065,146,1211,0.01385,NA,NA,"genus"
"29","Agastache pallidiflora","Agastache",313656,"S",70711,3894,74605,0.16446,"Lamiaceae","Lamiales","species"
"29","Delphinium nuttallianum","Delphinium",136316,"S",74109,12019,86128,0.18986,"Ranunculaceae","Ranunculales","species"
"29","Sorbus scopulina","Sorbus",1572685,"S",16606,10998,27604,0.06085,NA,NA,NA
"29","Arenaria lanuginosa","Arenaria",2887378,"S",14107,6753,20860,0.04599,NA,NA,"species"
"29","Mertensia ciliata","Mertensia",1288209,"S",1709,12216,13925,0.0307,"Boraginaceae","Boraginales","species"
"29","Lupinus argenteus","Lupinus",53216,"S",2715,7365,10080,0.02222,"Fabaceae","Fabales","species"
"29","Delphinium sp.","Delphinium",984877,"G",8521,0,8521,0.01878,NA,NA,"genus"
"29","Erigeron sp.","Erigeron",91271,"G",2781,8185,10966,0.02417,NA,NA,"genus"
"29","Trollius sp.","Trollius",212754,"G",6843,1336,8179,0.01803,NA,NA,"genus"
"29","Aquilegia elegantula","Aquilegia",46965,"S",4855,1098,5953,0.01312,"Ranunculaceae","Ranunculales","species"
"29","Aquilegia sp.","Aquilegia",46965,"G",4855,1098,5953,0.01312,NA,NA,"genus"
"29","Sedum lanceolatum","Sedum",85264,"S",5558,237,5795,0.01277,NA,NA,"species"
"29","Androsace septentrionalis","Androsace",175111,"S",6318,65,6383,0.01407,NA,NA,"species"
"29","Lupinus sericeus","Lupinus",61075,"S",2086,3028,5114,0.01127,"Fabaceae","Fabales","species"
"29","Cynoglossum officinale","Cynoglossum",256486,"S",7913,809,8722,0.01922,NA,NA,"species"
"29","Parnassia fimbriata","Parnassia",38862,"S",5662,380,6042,0.01332,NA,NA,"species"
"29","Gentiana sp.","Gentiana",49943,"G",4439,0,4439,0.00979,NA,NA,"genus"
"29","Helianthella quinquenervis","Helianthella",53582,"S",856,3449,4305,0.00949,"Asteraceae","Asterales","species"
"29","Anemone sp.",NA,714493,"G",3545,665,4210,0.00928,NA,NA,NA
"29","Gaultheria humifusa","Gaultheria",1091537,"S",1983,2133,4116,0.00907,NA,NA,"species"
"29","Corydalis caseana","Corydalis",2894902,"S",3878,2,3880,0.00855,NA,NA,"species"
"29","Mertensia fusiformis","Mertensia",1463753,"S",800,3078,3878,0.00855,"Boraginaceae","Boraginales","species"
"29","Taraxacum officinale","Taraxacum",50225,"S",2529,1212,3741,0.00825,"Asteraceae","Asterales","species"
"29","Hydrophyllum sp.","Hydrophyllum",85212,"G",3662,64,3726,0.00821,NA,NA,"genus"
"29","Osmorhiza occidentalis","Osmorhiza",49558,"S",3484,147,3631,0.008,"Apiaceae","Apiales","species"
"29","Osmorhiza sp.","Osmorhiza",49558,"G",3484,147,3631,0.008,NA,NA,"genus"
"29","Phlox multiflora","Phlox",1570903,"S",2880,700,3580,0.00789,"Polemoniaceae","Ericales","species"
"29","Phlox sp.","Phlox",1570903,"G",2880,700,3580,0.00789,NA,NA,"genus"
"29","Hypericum scouleri","Hypericum",65561,"S",3404,136,3540,0.0078,NA,NA,"species"
"29","Collomia linearis","Collomia",66234,"S",2977,330,3307,0.00729,NA,NA,"species"
"29","Senecio integerrimus","Senecio",462536,"S",3213,3395,6608,0.01457,"Asteraceae","Asterales","species"
"29","Senecio sp.","Senecio",462536,"G",3213,3395,6608,0.01457,NA,NA,"genus"
"29","Crepis intermedia","Crepis",268348,"S",3033,174,3207,0.00707,NA,NA,"species"
"29","Potentilla anserina","Potentilla",57926,"S",2807,254,3061,0.00675,"Rosaceae","Rosales","species"
"29","Rubus sp.","Rubus",714495,"G",2498,516,3014,0.00664,NA,NA,"genus"
"29","Salix sp.","Salix",43335,"G",2967,25,2992,0.0066,NA,NA,"species"
"29","Vaccinium scoparium","Vaccinium",180772,"S",1020,1880,2900,0.00639,"Ericaceae","Ericales","species"
"29","Vaccinium sp.","Vaccinium",180772,"G",1020,1880,2900,0.00639,NA,NA,"genus"
"29","Potentilla sp.","Potentilla",667297,"G",2554,344,2898,0.00639,NA,NA,"genus"
"29","Crataegus erythropoda","Crataegus",2894908,"S",2545,323,2868,0.00632,NA,NA,"species"
"29","Ribes sp.","Ribes",175228,"G",2646,218,2864,0.00631,NA,NA,"genus"
"29","Microseris nutans","Microseris",51940,"S",2202,530,2732,0.00602,NA,NA,"species"
"29","Vicia americana","Vicia",200966,"S",2097,367,2464,0.00543,"Fabaceae","Fabales","species"
"29","Lithophragma glabrum","Lithophragma",100316,"S",2338,34,2372,0.00523,NA,NA,"species"
"29","Pseudognaphalium macounii","Pseudognaphalium",1548865,"S",1860,1723,3583,0.0079,NA,NA,"species"
"29","Scabrethia scabra","Scabrethia",230225,"S",2202,92,2294,0.00506,"Asteraceae","Asterales","species"
"29","Geum sp.","Geum",1640877,"G",2187,105,2292,0.00505,NA,NA,"genus"
"29","Holodiscus dumosus","Holodiscus",1961195,"S",2178,93,2271,0.00501,NA,NA,"species"
"29","Epilobium sp.","Epilobium",33131,"G",3311,144,3455,0.00761,NA,NA,"genus"
"29","Rhodiola sp.","Rhodiola",203015,"G",1918,266,2184,0.00481,NA,NA,"genus"
"29","Actaea rubra","Actaea",64034,"S",1702,344,2046,0.00451,NA,NA,"species"
"29","Packera sp.","Packera",98704,"G",1563,455,2018,0.00445,NA,NA,"genus"
"29","Caltha leptosepala","Caltha",3449,"S",1983,4,1987,0.00438,NA,NA,"species"
"29","Ipomopsis aggregata","Ipomopsis",40742,"S",1800,134,1934,0.00426,"Polemoniaceae","Ericales","species"
"29","Orthilia secunda","Orthilia",93819,"S",1213,702,1915,0.00422,"Ericaceae","Ericales","species"
"29","Brickellia grandiflora","Brickellia",1550814,"S",1680,97,1777,0.00392,NA,NA,"species"
"29","Paxistima myrsinites","Paxistima",123440,"S",1720,4,1724,0.0038,NA,NA,"species"
"29","Cerastium arvense","Cerastium",2893814,"S",1461,231,1692,0.00373,NA,NA,"species"
"29","Dasiphora fruticosa","Dasiphora",32239,"S",1419,193,1612,0.00355,"Rosaceae","Rosales","species"
"29","Campanula sp.","Campanula",428156,"G",1472,76,1548,0.00341,NA,NA,"genus"
"29","Stellaria sp.","Stellaria",1137914,"G",2185,232,2417,0.00533,NA,NA,"genus"
"29","Thalictrum fendleri","Thalictrum",79802,"S",1913,741,2654,0.00585,"Ranunculaceae","Ranunculales","species"
"29","Thalictrum sp.","Thalictrum",79802,"G",1913,741,2654,0.00585,NA,NA,"genus"
"29","Artemisia sp.","Artemisia",217469,"G",858,514,1372,0.00302,NA,NA,"genus"
"29","Viola sp.","Viola",97441,"G",1156,120,1276,0.00281,NA,NA,"genus"
"29","Astragalus sp.","Astragalus",47093,"G",1249,16,1265,0.00279,NA,NA,"genus"
"29","Moneses uniflora","Moneses",93817,"S",958,286,1244,0.00274,"Ericaceae","Ericales","species"
"29","Acer glabrum","Acer",66205,"S",1233,0,1233,0.00272,NA,NA,"species"
"29","Minuartia macrantha","Minuartia",685559,"S",1162,55,1217,0.00268,NA,NA,"species"
"29","Pseudostellaria jamesiana","Pseudostellaria",2604647,"S",550,657,1207,0.00266,NA,NA,NA
"29","Frasera speciosa","Frasera",50758,"S",993,133,1126,0.00248,"Gentianaceae","Gentianales","species"
"29","Tonestus pygmaeus","Tonestus",217608,"S",906,213,1119,0.00247,NA,NA,"species"
"29","Shepherdia canadensis","Shepherdia",72158,"S",1028,84,1112,0.00245,NA,NA,"species"
"29","Berberis repens","Berberis",1433329,"S",1109,2,1111,0.00245,NA,NA,"species"
"29","Sagina saginoides","Sagina",230724,"S",963,42,1005,0.00222,NA,NA,"species"
"29","Anthemidae",NA,205383,"Tribe",703,293,996,0.0022,NA,NA,NA
"29","Hydrophyllum capitatum","Hydrophyllum",79360,"S",881,109,990,0.00218,"Hydrophyllaceae","Boraginales","species"
"29","Chrysothamnus viscidiflorus","Chrysothamnus",217577,"S",725,263,988,0.00218,NA,NA,"species"
"29","Cirsium sp.","Cirsium",92907,"G",853,103,956,0.00211,NA,NA,"genus"
"29","Leucanthemum vulgare","Leucanthemum",1155837,"S",821,114,935,0.00206,NA,NA,"species"
"29","Nemophila breviflora","Nemophila",79376,"S",887,34,921,0.00203,NA,NA,"species"
"29","Potamogeton sp.","Potamogeton",384654,"G",703,0,703,0.00155,NA,NA,"genus"
"29","Saxifraga sp.","Saxifraga",159961,"G",690,9,699,0.00154,NA,NA,"genus"
"29","Townsendia sp.","Townsendia",1573934,"G",674,12,686,0.00151,NA,NA,"genus"
"29","Rudbeckia sp.","Rudbeckia",52299,"G",563,21,584,0.00129,NA,NA,"genus"
"29","Rumex sp.","Rumex",137677,"G",517,25,542,0.00119,NA,NA,"genus"
"3","Delphinium nuttallianum","Delphinium",136316,"S",10857,558,11415,0.65894,"Ranunculaceae","Ranunculales","species"
"3","Lupinus argenteus","Lupinus",53216,"S",768,3126,3894,0.22479,"Fabaceae","Fabales","species"
"3","Arenaria lanuginosa","Arenaria",2887378,"S",883,1129,2012,0.11615,NA,NA,"species"
"3","Delphinium sp.","Delphinium",984877,"G",1085,0,1085,0.06263,NA,NA,"genus"
"30","Mertensia brevistyla","Mertensia",1463753,"S",121243,66679,187922,0.40452,"Boraginaceae","Boraginales","species"
"30","Delphinium nuttallianum","Delphinium",136316,"S",73356,7795,81151,0.17468,"Ranunculaceae","Ranunculales","species"
"30","Lupinus argenteus","Lupinus",53216,"S",22389,7182,29571,0.06365,"Fabaceae","Fabales","species"
"30","Arenaria lanuginosa","Arenaria",2887378,"S",20810,1900,22710,0.04889,NA,NA,"species"
"30","Sorbus scopulina","Sorbus",1572685,"S",8031,8248,16279,0.03504,NA,NA,NA
"30","Cynoglossum officinale","Cynoglossum",1037329,"S",25320,5083,30403,0.06545,NA,NA,"species"
"30","Erigeron sp.","Erigeron",91271,"G",10402,2751,13153,0.02832,NA,NA,"genus"
"30","Delphinium sp.","Delphinium",984877,"G",10684,0,10684,0.023,NA,NA,"genus"
"30","Trollius sp.","Trollius",212754,"G",4967,425,5392,0.01161,NA,NA,"genus"
"30","Potentilla sp.","Potentilla",667297,"G",3964,295,4259,0.00917,NA,NA,"genus"
"30","Corydalis caseana","Corydalis",2894902,"S",4193,1,4194,0.00903,NA,NA,"species"
"30","Crataegus erythropoda","Crataegus",2894908,"S",3191,539,3730,0.00803,NA,NA,"species"
"30","Parnassia fimbriata","Parnassia",38862,"S",4161,77,4238,0.00912,NA,NA,"species"
"30","Salix sp.","Salix",43335,"G",3444,3,3447,0.00742,NA,NA,"species"
"30","Minuartia macrantha","Minuartia",685559,"S",2973,74,3047,0.00656,NA,NA,"species"
"30","Collomia linearis","Collomia",66234,"S",2890,78,2968,0.00639,NA,NA,"species"
"30","Anemone sp.",NA,714493,"G",2033,337,2370,0.0051,NA,NA,NA
"30","Senecio integerrimus","Senecio",462536,"S",1443,2091,3534,0.00761,"Asteraceae","Asterales","species"
"30","Senecio sp.","Senecio",462536,"G",1443,2091,3534,0.00761,NA,NA,"genus"
"30","Taraxacum officinale","Taraxacum",50225,"S",1970,44,2014,0.00434,"Asteraceae","Asterales","species"
"30","Crepis intermedia","Crepis",268348,"S",1943,4,1947,0.00419,NA,NA,"species"
"30","Thalictrum sp.","Thalictrum",46969,"G",2244,683,2927,0.0063,NA,NA,"genus"
"30","Caltha leptosepala","Caltha",3449,"S",1883,1,1884,0.00406,NA,NA,"species"
"30","Rubus sp.","Rubus",714495,"G",1670,130,1800,0.00387,NA,NA,"genus"
"30","Aquilegia elegantula","Aquilegia",46965,"S",1447,324,1771,0.00381,"Ranunculaceae","Ranunculales","species"
"30","Aquilegia sp.","Aquilegia",46965,"G",1447,324,1771,0.00381,NA,NA,"genus"
"30","Actaea rubra","Actaea",64034,"S",1420,258,1678,0.00361,NA,NA,"species"
"30","Epilobium sp.","Epilobium",33131,"G",1491,21,1512,0.00325,NA,NA,"genus"
"30","Geum sp.","Geum",1640877,"G",1380,10,1390,0.00299,NA,NA,"genus"
"30","Microseris nutans","Microseris",51940,"S",1224,8,1232,0.00265,NA,NA,"species"
"30","Hypericum scouleri","Hypericum",65561,"S",1169,6,1175,0.00253,NA,NA,"species"
"30","Holodiscus dumosus","Holodiscus",1961195,"S",1077,30,1107,0.00238,NA,NA,"species"
"30","Ribes sp.","Ribes",175228,"G",1020,19,1039,0.00224,NA,NA,"genus"
"30","Pseudognaphalium macounii","Pseudognaphalium",1754165,"S",1465,70,1535,0.0033,NA,NA,"species"
"30","Cerastium arvense","Cerastium",2893814,"S",852,65,917,0.00197,NA,NA,"species"
"30","Scabrethia scabra","Scabrethia",230225,"S",793,46,839,0.00181,"Asteraceae","Asterales","species"
"30","Stellaria sp.","Stellaria",271541,"G",1563,15,1578,0.00339,NA,NA,"genus"
"30","Asteroideae",NA,261773,"Subfamily",736,37,773,0.00166,NA,NA,NA
"30","Pseudostellaria jamesiana","Pseudostellaria",2604647,"S",705,67,772,0.00166,NA,NA,NA
"30","Phlox multiflora","Phlox",1570903,"S",711,42,753,0.00162,"Polemoniaceae","Ericales","species"
"30","Phlox sp.","Phlox",1570903,"G",711,42,753,0.00162,NA,NA,"genus"
"30","Hydrophyllum sp.","Hydrophyllum",85212,"G",554,184,738,0.00159,NA,NA,"genus"
"30","Rhodiola sp.","Rhodiola",203015,"G",693,20,713,0.00153,NA,NA,"genus"
"30","Nemophila breviflora","Nemophila",79376,"S",611,5,616,0.00133,NA,NA,"species"
"30","Dasiphora fruticosa","Dasiphora",32239,"S",577,34,611,0.00132,"Rosaceae","Rosales","species"
"30","Paxistima myrsinites","Paxistima",123440,"S",611,0,611,0.00132,NA,NA,"species"
"30","Sagina saginoides","Sagina",230724,"S",589,13,602,0.0013,NA,NA,"species"
"30","Orthilia secunda","Orthilia",93819,"S",527,9,536,0.00115,"Ericaceae","Ericales","species"
"31","Lupinus sericeus","Lupinus",61075,"S",47544,31337,78881,0.22886,"Fabaceae","Fabales","species"
"31","Lupinus argenteus","Lupinus",53216,"S",36926,36898,73824,0.21419,"Fabaceae","Fabales","species"
"31","Delphinium barbeyi","Delphinium",136316,"S",12217,998,13215,0.03834,"Ranunculaceae","Ranunculales","species"
"31","Vicia americana","Vicia",200966,"S",12216,345,12561,0.03644,"Fabaceae","Fabales","species"
"31","Potentilla sp.","Potentilla",667297,"G",6378,1458,7836,0.02273,NA,NA,"genus"
"31","Pseudostellaria jamesiana","Pseudostellaria",418402,"S",4877,3765,8642,0.02507,NA,NA,"species"
"31","Arenaria lanuginosa","Arenaria",254029,"S",9272,2035,11307,0.0328,NA,NA,"species"
"31","Rosaceae",NA,1770156,"F",5303,903,6206,0.01801,NA,NA,NA
"31","Campanula rotundifolia","Campanula",239422,"S",4846,91,4937,0.01432,"Campanulaceae","Asterales","species"
"31","Tonestus pygmaeus","Tonestus",217608,"S",4866,58,4924,0.01429,NA,NA,"species"
"31","Delphinium sp.","Delphinium",984877,"G",4779,0,4779,0.01387,NA,NA,"genus"
"31","Collomia linearis","Collomia",66234,"S",4448,8,4456,0.01293,NA,NA,"species"
"31","Senecio sp.","Senecio",2841766,"G",8439,1146,9585,0.02781,NA,NA,"genus"
"31","Mertensia ciliata","Mertensia",1288209,"S",1082,3175,4257,0.01235,"Boraginaceae","Boraginales","species"
"31","Viola sp.","Viola",97441,"G",4075,84,4159,0.01207,NA,NA,"genus"
"31","Astragalus sp.","Astragalus",47093,"G",3729,1,3730,0.01082,NA,NA,"genus"
"31","Cerastium arvense","Cerastium",271558,"S",3498,18,3516,0.0102,"Caryophyllaceae","Caryophyllales","species"
"31","Prosartes trachycarpa","Prosartes",232720,"S",3421,1,3422,0.00993,NA,NA,"species"
"31","Hypericum scouleri","Hypericum",65561,"S",3303,5,3308,0.0096,NA,NA,"species"
"31","Sagina saginoides","Sagina",230724,"S",2387,539,2926,0.00849,NA,NA,"species"
"31","Stellaria sp.","Stellaria",581250,"G",4146,190,4336,0.01258,NA,NA,"genus"
"31","Rubus sp.","Rubus",714495,"G",1594,1260,2854,0.00828,NA,NA,"genus"
"31","Erigeron sp.","Erigeron",91271,"G",2101,2804,4905,0.01423,NA,NA,"genus"
"31","Vaccinium sp.","Vaccinium",180772,"G",2728,20,2748,0.00797,NA,NA,"genus"
"31","Geum sp.","Geum",1640877,"G",2142,491,2633,0.00764,NA,NA,"genus"
"31","Trollius sp.","Trollius",212754,"G",1993,333,2326,0.00675,NA,NA,"genus"
"31","Aquilegia coerulea","Aquilegia",46965,"S",1907,267,2174,0.00631,"Ranunculaceae","Ranunculales","species"
"31","Aquilegia sp.","Aquilegia",46965,"G",1907,267,2174,0.00631,NA,NA,"genus"
"31","Corydalis caseana","Corydalis",2894902,"S",2016,1,2017,0.00585,NA,NA,"species"
"31","Parnassia fimbriata","Parnassia",324804,"S",3059,0,3059,0.00887,NA,NA,"species"
"31","Scabrethia scabra","Scabrethia",230225,"S",1918,7,1925,0.00559,"Asteraceae","Asterales","species"
"31","Rhodiola sp.","Rhodiola",203015,"G",1725,92,1817,0.00527,NA,NA,"genus"
"31","Holodiscus dumosus","Holodiscus",1961195,"S",1798,7,1805,0.00524,NA,NA,"species"
"31","Ribes sp.","Ribes",175228,"G",1499,73,1572,0.00456,NA,NA,"genus"
"31","Hydrophyllum capitatum","Hydrophyllum",79360,"S",1413,79,1492,0.00433,"Hydrophyllaceae","Boraginales","species"
"31","Microseris nutans","Microseris",51940,"S",1428,5,1433,0.00416,NA,NA,"species"
"31","Paxistima myrsinites","Paxistima",123440,"S",1324,1,1325,0.00384,NA,NA,"species"
"31","Taraxacum officinale","Taraxacum",50225,"S",1209,60,1269,0.00368,"Asteraceae","Asterales","species"
"31","Potentilla anserina","Potentilla",57926,"S",981,273,1254,0.00364,"Rosaceae","Rosales","species"
"31","Agastache pallidiflora","Agastache",313656,"S",1170,21,1191,0.00346,"Lamiaceae","Lamiales","species"
"31","Crataegus erythropoda","Crataegus",2894908,"S",1092,43,1135,0.00329,NA,NA,"species"
"31","Salix sp.","Salix",43335,"G",1078,0,1078,0.00313,NA,NA,"species"
"31","Pseudognaphalium macounii","Pseudognaphalium",1754165,"S",2393,62,2455,0.00711,NA,NA,"species"
"31","Lithophragma glabrum","Lithophragma",100316,"S",991,1,992,0.00288,NA,NA,"species"
"31","Sorbus scopulina","Sorbus",1572685,"S",759,216,975,0.00283,NA,NA,NA
"31","Minuartia macrantha","Minuartia",685559,"S",647,159,806,0.00234,NA,NA,"species"
"31","Androsace septentrionalis","Androsace",229527,"S",772,6,778,0.00226,NA,NA,"species"
"31","Caltha leptosepala","Caltha",3449,"S",556,179,735,0.00213,NA,NA,"species"
"31","Epilobium sp.","Epilobium",33131,"G",710,6,716,0.00208,NA,NA,"genus"
"31","Hydrophyllum sp.","Hydrophyllum",85212,"G",663,7,670,0.00194,NA,NA,"genus"
"31","Shepherdia canadensis","Shepherdia",72158,"S",523,0,523,0.00152,NA,NA,"species"
"32","Delphinium nuttallianum","Delphinium",136316,"S",148972,7239,156211,0.87539,"Ranunculaceae","Ranunculales","species"
"32","Delphinium sp.","Delphinium",984877,"G",19376,0,19376,0.10858,NA,NA,"genus"
"32","Caltha leptosepala","Caltha",3449,"S",1856,1169,3025,0.01695,NA,NA,"species"
"32","Lupinus argenteus","Lupinus",53216,"S",707,2016,2723,0.01526,"Fabaceae","Fabales","species"
"32","Trollius sp.","Trollius",212754,"G",2059,335,2394,0.01342,NA,NA,"genus"
"32","Hydrophyllum sp.","Hydrophyllum",85212,"G",1977,10,1987,0.01113,NA,NA,"genus"
"32","Aquilegia sp.","Aquilegia",46965,"G",939,496,1435,0.00804,NA,NA,"genus"
"32","Lupinus sericeus","Lupinus",61075,"S",618,804,1422,0.00797,"Fabaceae","Fabales","species"
"32","Thalictrum fendleri","Thalictrum",79802,"S",1469,1047,2516,0.0141,"Ranunculaceae","Ranunculales","species"
"32","Thalictrum sp.","Thalictrum",79802,"G",1469,1047,2516,0.0141,NA,NA,"genus"
"32","Dasiphora fruticosa","Dasiphora",32239,"S",996,150,1146,0.00642,"Rosaceae","Rosales","species"
"32","Arenaria lanuginosa","Arenaria",2887378,"S",587,541,1128,0.00632,NA,NA,"species"
"32","Corydalis caseana","Corydalis",2894902,"S",903,0,903,0.00506,NA,NA,"species"
"32","Hydrophyllum fendleri","Hydrophyllum",86854,"S",600,302,902,0.00505,"Hydrophyllaceae","Boraginales","species"
"32","Potentilla anserina","Potentilla",57926,"S",620,195,815,0.00457,"Rosaceae","Rosales","species"
"32","Cynoglossum officinale","Cynoglossum",256486,"S",684,44,728,0.00408,NA,NA,"species"
"32","Anemone multifida","Anemone",1164855,"S",590,2,592,0.00332,"Ranunculaceae","Ranunculales","species"
"32","Anemone sp.","Anemone",1164855,"G",590,2,592,0.00332,NA,NA,"genus"
"32","Berberis repens","Berberis",1433329,"S",513,0,513,0.00287,NA,NA,"species"
"35","Delphinium nuttallianum","Delphinium",136316,"S",209983,10620,220603,0.85208,"Ranunculaceae","Ranunculales","species"
"35","Delphinium sp.","Delphinium",984877,"G",23166,0,23166,0.08948,NA,NA,"genus"
"35","Mertensia ciliata","Mertensia",1288209,"S",918,3371,4289,0.01657,"Boraginaceae","Boraginales","species"
"35","Mertensia fusiformis","Mertensia",1463753,"S",1308,2218,3526,0.01362,"Boraginaceae","Boraginales","species"
"35","Trollius sp.","Trollius",212754,"G",2389,324,2713,0.01048,NA,NA,"genus"
"35","Dasiphora fruticosa","Dasiphora",32239,"S",2379,293,2672,0.01032,"Rosaceae","Rosales","species"
"35","Lupinus argenteus","Lupinus",53216,"S",661,1793,2454,0.00948,"Fabaceae","Fabales","species"
"35","Caltha leptosepala","Caltha",3449,"S",2345,7,2352,0.00908,NA,NA,"species"
"35","Arenaria lanuginosa","Arenaria",2887378,"S",1497,734,2231,0.00862,NA,NA,"species"
"35","Anemone sp.",NA,714493,"G",1181,1356,2537,0.0098,NA,NA,NA
"35","Aquilegia sp.","Aquilegia",46965,"G",981,705,1686,0.00651,NA,NA,"genus"
"35","Corydalis caseana","Corydalis",2894902,"S",1575,0,1575,0.00608,NA,NA,"species"
"35","Thalictrum fendleri","Thalictrum",79802,"S",1654,1275,2929,0.01131,"Ranunculaceae","Ranunculales","species"
"35","Thalictrum sp.","Thalictrum",79802,"G",1654,1275,2929,0.01131,NA,NA,"genus"
"35","Hydrophyllum sp.","Hydrophyllum",85212,"G",1389,15,1404,0.00542,NA,NA,"genus"
"35","Parnassia fimbriata","Parnassia",38862,"S",1112,47,1159,0.00448,NA,NA,"species"
"35","Potentilla anserina","Potentilla",57926,"S",697,360,1057,0.00408,"Rosaceae","Rosales","species"
"35","Geum triflorum","Geum",1640877,"S",961,22,983,0.0038,"Rosaceae","Rosales","species"
"35","Geum sp.","Geum",1640877,"G",961,22,983,0.0038,NA,NA,"genus"
"35","Hypericum scouleri","Hypericum",65561,"S",900,48,948,0.00366,NA,NA,"species"
"35","Viola sp.","Viola",97441,"G",774,19,793,0.00306,NA,NA,"genus"
"35","Agastache pallidiflora","Agastache",313656,"S",650,12,662,0.00256,"Lamiaceae","Lamiales","species"
"35","Cynoglossum officinale","Cynoglossum",256486,"S",503,106,609,0.00235,NA,NA,"species"
"35","Berberis repens","Berberis",1433329,"S",595,0,595,0.0023,NA,NA,"species"
"35","Collomia linearis","Collomia",66234,"S",577,14,591,0.00228,NA,NA,"species"
"35","Ribes sp.","Ribes",175228,"G",514,9,523,0.00202,NA,NA,"genus"
"35","Anemone multifida","Anemone",1164855,"S",507,0,507,0.00196,"Ranunculaceae","Ranunculales","species"
"36","Delphinium nuttallianum","Delphinium",136334,"S",46589,618,47207,0.53059,"Ranunculaceae","Ranunculales","species"
"36","Lupinus sericeus","Lupinus",61075,"S",10921,1286,12207,0.1372,"Fabaceae","Fabales","species"
"36","Lupinus argenteus","Lupinus",53216,"S",8039,1509,9548,0.10732,"Fabaceae","Fabales","species"
"36","Hydrophyllum fendleri","Hydrophyllum",86854,"S",6146,273,6419,0.07215,"Hydrophyllaceae","Boraginales","species"
"36","Mertensia ciliata","Mertensia",1288209,"S",1783,868,2651,0.0298,"Boraginaceae","Boraginales","species"
"36","Erigeron sp.","Erigeron",91271,"G",1565,276,1841,0.02069,NA,NA,"genus"
"36","Hydrophyllum sp.","Hydrophyllum",85212,"G",1321,2,1323,0.01487,NA,NA,"genus"
"36","Taraxacum officinale","Taraxacum",50225,"S",1136,10,1146,0.01288,"Asteraceae","Asterales","species"
"36","Delphinium sp.","Delphinium",984877,"G",1013,0,1013,0.01139,NA,NA,"genus"
"36","Helianthella quinquenervis","Helianthella",53582,"S",822,51,873,0.00981,"Asteraceae","Asterales","species"
"36","Agastache pallidiflora","Agastache",313656,"S",745,2,747,0.0084,"Lamiaceae","Lamiales","species"
"36","Epilobium sp.","Epilobium",33131,"G",696,0,696,0.00782,NA,NA,"genus"
"38","Hydrophyllum sp.","Hydrophyllum",85212,"G",115149,364,115513,0.62817,NA,NA,"genus"
"38","Hydrophyllum fendleri","Hydrophyllum",86854,"S",48272,3980,52252,0.28415,"Hydrophyllaceae","Boraginales","species"
"38","Hydrophyllum capitatum","Hydrophyllum",79360,"S",4648,511,5159,0.02806,"Hydrophyllaceae","Boraginales","species"
"38","Nemophila breviflora","Nemophila",79376,"S",2156,326,2482,0.0135,NA,NA,"species"
"38","Lupinus argenteus","Lupinus",53216,"S",907,1316,2223,0.01209,"Fabaceae","Fabales","species"
"38","Taraxacum officinale","Taraxacum",50225,"S",1238,275,1513,0.00823,"Asteraceae","Asterales","species"
"38","Mertensia fusiformis","Mertensia",1463753,"S",623,653,1276,0.00694,"Boraginaceae","Boraginales","species"
"38","Erigeron sp.","Erigeron",91271,"G",531,504,1035,0.00563,NA,NA,"genus"
"38","Epilobium sp.","Epilobium",33131,"G",619,7,626,0.0034,NA,NA,"genus"
"38","Cynoglossum officinale","Cynoglossum",256486,"S",506,97,603,0.00328,NA,NA,"species"
"39","Delphinium nuttallianum","Delphinium",136316,"S",115402,5022,120424,0.8974,"Ranunculaceae","Ranunculales","species"
"39","Delphinium sp.","Delphinium",984877,"G",13864,0,13864,0.10331,NA,NA,"genus"
"39","Caltha leptosepala","Caltha",3449,"S",1293,722,2015,0.01502,NA,NA,"species"
"39","Hydrophyllum sp.","Hydrophyllum",85212,"G",1955,9,1964,0.01464,NA,NA,"genus"
"39","Trollius sp.","Trollius",212754,"G",1427,383,1810,0.01349,NA,NA,"genus"
"39","Lupinus argenteus","Lupinus",53216,"S",612,1038,1650,0.0123,"Fabaceae","Fabales","species"
"39","Thalictrum fendleri","Thalictrum",79802,"S",737,544,1281,0.00955,"Ranunculaceae","Ranunculales","species"
"39","Thalictrum sp.","Thalictrum",79802,"G",737,544,1281,0.00955,NA,NA,"genus"
"39","Aquilegia sp.","Aquilegia",46965,"G",709,455,1164,0.00867,NA,NA,"genus"
"39","Lupinus sericeus","Lupinus",61075,"S",630,471,1101,0.0082,"Fabaceae","Fabales","species"
"39","Hydrophyllum fendleri","Hydrophyllum",86854,"S",602,295,897,0.00668,"Hydrophyllaceae","Boraginales","species"
"39","Dasiphora fruticosa","Dasiphora",32239,"S",586,106,692,0.00516,"Rosaceae","Rosales","species"
"39","Agastache pallidiflora","Agastache",313656,"S",565,46,611,0.00455,"Lamiaceae","Lamiales","species"
"39","Corydalis caseana","Corydalis",2894902,"S",578,0,578,0.00431,NA,NA,"species"
"4","Delphinium nuttallianum","Delphinium",136316,"S",174018,11119,185137,0.86358,"Ranunculaceae","Ranunculales","species"
"4","Delphinium sp.","Delphinium",984877,"G",24644,0,24644,0.11495,NA,NA,"genus"
"4","Caltha leptosepala","Caltha",3449,"S",2693,1507,4200,0.01959,NA,NA,"species"
"4","Lupinus argenteus","Lupinus",53216,"S",512,3620,4132,0.01927,"Fabaceae","Fabales","species"
"4","Trollius sp.","Trollius",212754,"G",2763,540,3303,0.01541,NA,NA,"genus"
"4","Arenaria lanuginosa","Arenaria",2887378,"S",1019,1598,2617,0.01221,NA,NA,"species"
"4","Thalictrum sp.","Thalictrum",79802,"G",1989,1487,3476,0.01622,NA,NA,"genus"
"4","Aquilegia elegantula","Aquilegia",46965,"S",1231,678,1909,0.0089,"Ranunculaceae","Ranunculales","species"
"4","Aquilegia sp.","Aquilegia",46965,"G",1231,678,1909,0.0089,NA,NA,"genus"
"4","Dasiphora fruticosa","Dasiphora",32239,"S",1132,264,1396,0.00651,"Rosaceae","Rosales","species"
"4","Corydalis caseana","Corydalis",2894902,"S",968,0,968,0.00452,NA,NA,"species"
"4","Geum sp.","Geum",1640877,"G",868,38,906,0.00423,NA,NA,"genus"
"4","Hypericum scouleri","Hypericum",65561,"S",744,51,795,0.00371,NA,NA,"species"
"4","Parnassia fimbriata","Parnassia",38862,"S",741,21,762,0.00355,NA,NA,"species"
"4","Anemone multifida","Anemone",1164855,"S",589,1,590,0.00275,"Ranunculaceae","Ranunculales","species"
"4","Anemone sp.","Anemone",1164855,"G",589,1,590,0.00275,NA,NA,"genus"
"4","Ribes sp.","Ribes",175228,"G",512,30,542,0.00253,NA,NA,"genus"
"40","Aquilegia sp.","Aquilegia",46965,"G",389921,5812,395733,0.45649,NA,NA,"genus"
"40","Hydrophyllum sp.","Hydrophyllum",85212,"G",102314,559,102873,0.11867,NA,NA,"genus"
"40","Lupinus sericeus","Lupinus",61075,"S",64834,30578,95412,0.11006,"Fabaceae","Fabales","species"
"40","Lupinus argenteus","Lupinus",53216,"S",48878,27404,76282,0.08799,"Fabaceae","Fabales","species"
"40","Vicia americana","Vicia",200966,"S",23035,287,23322,0.0269,"Fabaceae","Fabales","species"
"40","Hydrophyllum fendleri","Hydrophyllum",86854,"S",18729,2788,21517,0.02482,"Hydrophyllaceae","Boraginales","species"
"40","Taraxacum officinale","Taraxacum",50225,"S",9474,612,10086,0.01163,"Asteraceae","Asterales","species"
"40","Thalictrum sp.","Thalictrum",79802,"G",11491,2344,13835,0.01596,NA,NA,"genus"
"40","Delphinium nuttallianum","Delphinium",136316,"S",12413,888,13301,0.01534,"Ranunculaceae","Ranunculales","species"
"40","Hydrophyllum capitatum","Hydrophyllum",79360,"S",4207,90,4297,0.00496,"Hydrophyllaceae","Boraginales","species"
"40","Mertensia ciliata","Mertensia",1288209,"S",1863,2255,4118,0.00475,"Boraginaceae","Boraginales","species"
"40","Arenaria lanuginosa","Arenaria",2887378,"S",5299,844,6143,0.00709,NA,NA,"species"
"40","Potentilla sp.","Potentilla",667297,"G",3311,424,3735,0.00431,NA,NA,"genus"
"40","Pseudognaphalium macounii","Pseudognaphalium",1754165,"S",4381,152,4533,0.00523,NA,NA,"species"
"40","Pseudostellaria jamesiana","Pseudostellaria",418402,"S",1375,1303,2678,0.00309,NA,NA,"species"
"40","Erigeron sp.","Erigeron",91271,"G",1358,1283,2641,0.00305,NA,NA,"genus"
"40","Delphinium sp.","Delphinium",984877,"G",2616,0,2616,0.00302,NA,NA,"genus"
"40","Rosaceae",NA,1770156,"F",1761,835,2596,0.00299,NA,NA,NA
"40","Tonestus pygmaeus","Tonestus",217608,"S",2171,161,2332,0.00269,NA,NA,"species"
"40","Corydalis caseana","Corydalis",2894902,"S",2216,0,2216,0.00256,NA,NA,"species"
"40","Cerastium arvense","Cerastium",271558,"S",2164,11,2175,0.00251,"Caryophyllaceae","Caryophyllales","species"
"40","Senecio integerrimus","Senecio",2841766,"S",2282,1488,3770,0.00435,"Asteraceae","Asterales","species"
"40","Senecio sp.","Senecio",2841766,"G",2282,1488,3770,0.00435,NA,NA,"genus"
"40","Astragalus alpinus","Astragalus",47093,"S",2125,0,2125,0.00245,"Fabaceae","Fabales","species"
"40","Astragalus sp.","Astragalus",47093,"G",2125,0,2125,0.00245,NA,NA,"genus"
"40","Collomia linearis","Collomia",66234,"S",1854,28,1882,0.00217,NA,NA,"species"
"40","Hypericum scouleri","Hypericum",65561,"S",1832,2,1834,0.00212,NA,NA,"species"
"40","Nemophila breviflora","Nemophila",79376,"S",1705,27,1732,0.002,NA,NA,"species"
"40","Prosartes trachycarpa","Prosartes",232720,"S",1641,1,1642,0.00189,NA,NA,"species"
"40","Trollius sp.","Trollius",212754,"G",1587,26,1613,0.00186,NA,NA,"genus"
"40","Sorbus scopulina","Sorbus",1572685,"S",887,685,1572,0.00181,NA,NA,NA
"40","Mertensia fusiformis","Mertensia",1463753,"S",885,607,1492,0.00172,"Boraginaceae","Boraginales","species"
"40","Viola sp.","Viola",97441,"G",1403,67,1470,0.0017,NA,NA,"genus"
"40","Sagina saginoides","Sagina",230724,"S",1300,145,1445,0.00167,NA,NA,"species"
"40","Vaccinium sp.","Vaccinium",180772,"G",1248,158,1406,0.00162,NA,NA,"genus"
"40","Agastache pallidiflora","Agastache",313656,"S",1387,18,1405,0.00162,"Lamiaceae","Lamiales","species"
"40","Stellaria sp.","Stellaria",271541,"G",3541,101,3642,0.0042,NA,NA,"genus"
"40","Rubus sp.","Rubus",714495,"G",953,379,1332,0.00154,NA,NA,"genus"
"40","Potentilla anserina","Potentilla",57926,"S",1081,156,1237,0.00143,"Rosaceae","Rosales","species"
"40","Geum sp.","Geum",1640877,"G",1082,120,1202,0.00139,NA,NA,"genus"
"40","Scabrethia scabra","Scabrethia",230225,"S",1064,23,1087,0.00125,"Asteraceae","Asterales","species"
"40","Crataegus erythropoda","Crataegus",2894908,"S",955,107,1062,0.00123,NA,NA,"species"
"40","Parnassia fimbriata","Parnassia",38862,"S",1991,1,1992,0.0023,NA,NA,"species"
"40","Holodiscus dumosus","Holodiscus",1961195,"S",966,38,1004,0.00116,NA,NA,"species"
"40","Ribes sp.","Ribes",175228,"G",978,23,1001,0.00115,NA,NA,"genus"
"40","Dasiphora fruticosa","Dasiphora",32239,"S",766,177,943,0.00109,"Rosaceae","Rosales","species"
"40","Lithophragma glabrum","Lithophragma",100316,"S",917,2,919,0.00106,NA,NA,"species"
"40","Salix sp.","Salix",43335,"G",882,0,882,0.00102,NA,NA,"species"
"40","Rhodiola integrifolia","Rhodiola",203015,"S",813,6,819,0.00094,"Crassulaceae","Saxifragales","species"
"40","Rhodiola sp.","Rhodiola",203015,"G",813,6,819,0.00094,NA,NA,"genus"
"40","Anemone sp.",NA,714493,"G",673,145,818,0.00094,NA,NA,NA
"40","Shepherdia canadensis","Shepherdia",72158,"S",732,3,735,0.00085,NA,NA,"species"
"40","Minuartia macrantha","Minuartia",685559,"S",651,79,730,0.00084,NA,NA,"species"
"40","Microseris nutans","Microseris",51940,"S",692,3,695,8e-04,NA,NA,"species"
"40","Cynoglossum officinale","Cynoglossum",256486,"S",598,63,661,0.00076,NA,NA,"species"
"40","Paxistima myrsinites","Paxistima",123440,"S",631,0,631,0.00073,NA,NA,"species"
"40","Cirsium sp.","Cirsium",92907,"G",621,9,630,0.00073,NA,NA,"genus"
"40","Androsace septentrionalis","Androsace",229527,"S",596,2,598,0.00069,NA,NA,"species"
"40","Epilobium sp.","Epilobium",33131,"G",543,4,547,0.00063,NA,NA,"genus"
"41","Mertensia fusiformis","Mertensia",1463753,"S",152819,46780,199599,0.27771,"Boraginaceae","Boraginales","species"
"41","Mertensia ciliata","Mertensia",1288209,"S",131075,66524,197599,0.27493,"Boraginaceae","Boraginales","species"
"41","Lupinus argenteus","Lupinus",53216,"S",43530,11644,55174,0.07677,"Fabaceae","Fabales","species"
"41","Arenaria lanuginosa","Arenaria",2887378,"S",29776,3465,33241,0.04625,NA,NA,"species"
"41","Erigeron sp.","Erigeron",91271,"G",19439,3670,23109,0.03215,NA,NA,"genus"
"41","Sorbus scopulina","Sorbus",1572685,"S",12325,10630,22955,0.03194,NA,NA,NA
"41","Cynoglossum officinale","Cynoglossum",1037329,"S",49056,8542,57598,0.08013,NA,NA,"species"
"41","Hydrophyllum sp.","Hydrophyllum",85212,"G",11798,42,11840,0.01647,NA,NA,"genus"
"41","Trollius sp.","Trollius",212754,"G",6368,2544,8912,0.0124,NA,NA,"genus"
"41","Hydrophyllum fendleri","Hydrophyllum",86854,"S",5905,639,6544,0.0091,"Hydrophyllaceae","Boraginales","species"
"41","Potentilla sp.","Potentilla",667297,"G",5703,550,6253,0.0087,NA,NA,"genus"
"41","Corydalis caseana","Corydalis",2894902,"S",4993,11,5004,0.00696,NA,NA,"species"
"41","Taraxacum officinale","Taraxacum",50225,"S",4311,408,4719,0.00657,"Asteraceae","Asterales","species"
"41","Crataegus erythropoda","Crataegus",2894908,"S",3900,559,4459,0.0062,NA,NA,"species"
"41","Parnassia fimbriata","Parnassia",38862,"S",4803,51,4854,0.00675,NA,NA,"species"
"41","Potentilla anserina","Potentilla",57926,"S",3246,160,3406,0.00474,"Rosaceae","Rosales","species"
"41","Senecio integerrimus","Senecio",462536,"S",1673,2795,4468,0.00621,"Asteraceae","Asterales","species"
"41","Senecio sp.","Senecio",462536,"G",1673,2795,4468,0.00621,NA,NA,"genus"
"41","Lupinus sericeus","Lupinus",61075,"S",2724,488,3212,0.00447,"Fabaceae","Fabales","species"
"41","Collomia linearis","Collomia",66234,"S",2862,237,3099,0.00431,NA,NA,"species"
"41","Minuartia macrantha","Minuartia",685559,"S",2817,51,2868,0.00399,NA,NA,"species"
"41","Thalictrum sp.","Thalictrum",46969,"G",2629,73,2702,0.00376,NA,NA,"genus"
"41","Epilobium sp.","Epilobium",33131,"G",2211,70,2281,0.00317,NA,NA,"genus"
"41","Crepis intermedia","Crepis",268348,"S",1910,5,1915,0.00266,NA,NA,"species"
"41","Salix sp.","Salix",43335,"G",1877,1,1878,0.00261,NA,NA,"species"
"41","Anemone sp.",NA,714493,"G",1714,116,1830,0.00255,NA,NA,NA
"41","Cerastium arvense","Cerastium",271558,"S",3326,520,3846,0.00536,"Caryophyllaceae","Caryophyllales","species"
"41","Aquilegia sp.","Aquilegia",46965,"G",1347,362,1709,0.00238,NA,NA,"genus"
"41","Hypericum scouleri","Hypericum",65561,"S",1692,5,1697,0.00236,NA,NA,"species"
"41","Agastache pallidiflora","Agastache",313656,"S",1671,3,1674,0.00233,"Lamiaceae","Lamiales","species"
"41","Hydrophyllum capitatum","Hydrophyllum",79360,"S",1611,50,1661,0.00231,"Hydrophyllaceae","Boraginales","species"
"41","Ribes sp.","Ribes",175228,"G",1422,29,1451,0.00202,NA,NA,"genus"
"41","Geum sp.","Geum",1640877,"G",1436,14,1450,0.00202,NA,NA,"genus"
"41","Microseris nutans","Microseris",51940,"S",1439,7,1446,0.00201,NA,NA,"species"
"41","Rubus sp.","Rubus",714495,"G",1227,103,1330,0.00185,NA,NA,"genus"
"41","Pseudognaphalium macounii","Pseudognaphalium",1754165,"S",2602,118,2720,0.00378,NA,NA,"species"
"41","Stellaria sp.","Stellaria",1137914,"G",2223,60,2283,0.00318,NA,NA,"genus"
"41","Viola sp.","Viola",97441,"G",1205,34,1239,0.00172,NA,NA,"genus"
"41","Caltha leptosepala","Caltha",3449,"S",1222,2,1224,0.0017,NA,NA,"species"
"41","Actaea rubra","Actaea",64034,"S",1002,144,1146,0.00159,NA,NA,"species"
"41","Holodiscus dumosus","Holodiscus",1961195,"S",1005,24,1029,0.00143,NA,NA,"species"
"41","Delphinium nuttallianum","Delphinium",984877,"S",958,1,959,0.00133,"Ranunculaceae","Ranunculales","species"
"41","Delphinium sp.","Delphinium",984877,"G",958,1,959,0.00133,NA,NA,"genus"
"41","Anaphalis margaritacea","Anaphalis",49045,"S",888,50,938,0.00131,"Asteraceae","Asterales","species"
"41","Pseudostellaria jamesiana","Pseudostellaria",2604647,"S",659,159,818,0.00114,NA,NA,NA
"41","Rhodiola integrifolia","Rhodiola",203015,"S",657,148,805,0.00112,"Crassulaceae","Saxifragales","species"
"41","Rhodiola sp.","Rhodiola",203015,"G",657,148,805,0.00112,NA,NA,"genus"
"41","Nemophila breviflora","Nemophila",79376,"S",731,31,762,0.00106,NA,NA,"species"
"41","Asteroideae",NA,261773,"Subfamily",711,37,748,0.00104,NA,NA,NA
"41","Sagina saginoides","Sagina",230724,"S",712,11,723,0.00101,NA,NA,"species"
"41","Phlox sp.","Phlox",1570903,"G",601,109,710,0.00099,NA,NA,"genus"
"41","Paxistima myrsinites","Paxistima",123440,"S",596,0,596,0.00083,NA,NA,"species"
"41","Tonestus pygmaeus","Tonestus",217608,"S",572,8,580,0.00081,NA,NA,"species"
"41","Scabrethia scabra","Scabrethia",230225,"S",511,13,524,0.00073,"Asteraceae","Asterales","species"
"42","Delphinium nuttallianum","Delphinium",136316,"S",52172,3035,55207,0.69218,"Ranunculaceae","Ranunculales","species"
"42","Lupinus argenteus","Lupinus",53216,"S",2033,3422,5455,0.06839,"Fabaceae","Fabales","species"
"42","Delphinium sp.","Delphinium",984877,"G",4858,0,4858,0.06091,NA,NA,"genus"
"42","Arenaria lanuginosa","Arenaria",2887378,"S",2441,1908,4349,0.05453,NA,NA,"species"
"42","Mertensia ciliata","Mertensia",1288209,"S",935,3279,4214,0.05283,"Boraginaceae","Boraginales","species"
"42","Mertensia fusiformis","Mertensia",1463753,"S",1615,2527,4142,0.05193,"Boraginaceae","Boraginales","species"
"42","Lupinus sericeus","Lupinus",61075,"S",794,649,1443,0.01809,"Fabaceae","Fabales","species"
"42","Agastache pallidiflora","Agastache",313656,"S",766,110,876,0.01098,"Lamiaceae","Lamiales","species"
"42","Trollius sp.","Trollius",212754,"G",631,158,789,0.00989,NA,NA,"genus"
"42","Rhodiola sp.","Rhodiola",203015,"G",731,4,735,0.00922,NA,NA,"genus"
"42","Hypericum scouleri","Hypericum",65561,"S",717,9,726,0.0091,NA,NA,"species"
"42","Stellaria sp.","Stellaria",1137914,"G",626,43,669,0.00839,NA,NA,"genus"
"42","Taraxacum officinale","Taraxacum",50225,"S",504,123,627,0.00786,"Asteraceae","Asterales","species"
"42","Epilobium sp.","Epilobium",33131,"G",515,2,517,0.00648,NA,NA,"genus"
"43","Mertensia ciliata","Mertensia",1288209,"S",71808,5927,77735,0.44996,"Boraginaceae","Boraginales","species"
"43","Mertensia fusiformis","Mertensia",1463753,"S",35777,2117,37894,0.21935,"Boraginaceae","Boraginales","species"
"43","Hydrophyllum fendleri","Hydrophyllum",86854,"S",18774,455,19229,0.11131,"Hydrophyllaceae","Boraginales","species"
"43","Lupinus argenteus","Lupinus",53216,"S",12195,601,12796,0.07407,"Fabaceae","Fabales","species"
"43","Erigeron sp.","Erigeron",91271,"G",4791,332,5123,0.02965,NA,NA,"genus"
"43","Hydrophyllum sp.","Hydrophyllum",85212,"G",4580,4,4584,0.02653,NA,NA,"genus"
"43","Lupinus sericeus","Lupinus",61075,"S",2227,95,2322,0.01344,"Fabaceae","Fabales","species"
"43","Taraxacum officinale","Taraxacum",50225,"S",1477,27,1504,0.00871,"Asteraceae","Asterales","species"
"43","Cynoglossum officinale","Cynoglossum",256486,"S",3190,275,3465,0.02006,NA,NA,"species"
"43","Epilobium sp.","Epilobium",33131,"G",1243,0,1243,0.0072,NA,NA,"genus"
"43","Agastache pallidiflora","Agastache",313656,"S",1161,0,1161,0.00672,"Lamiaceae","Lamiales","species"
"43","Arenaria lanuginosa","Arenaria",2887378,"S",964,174,1138,0.00659,NA,NA,"species"
"43","Delphinium nuttallianum","Delphinium",136334,"S",702,270,972,0.00563,"Ranunculaceae","Ranunculales","species"
"43","Hydrophyllum capitatum","Hydrophyllum",79360,"S",808,5,813,0.00471,"Hydrophyllaceae","Boraginales","species"
"44","Mertensia ciliata","Mertensia",1288209,"S",68564,10642,79206,0.25545,"Boraginaceae","Boraginales","species"
"44","Delphinium nuttallianum","Delphinium",136316,"S",129302,6167,135469,0.43691,"Ranunculaceae","Ranunculales","species"
"44","Mertensia fusiformis","Mertensia",1463753,"S",35678,3171,38849,0.12529,"Boraginaceae","Boraginales","species"
"44","Delphinium sp.","Delphinium",984877,"G",13496,0,13496,0.04353,NA,NA,"genus"
"44","Lupinus argenteus","Lupinus",53216,"S",12146,1275,13421,0.04328,"Fabaceae","Fabales","species"
"44","Erigeron sp.","Erigeron",91271,"G",5037,524,5561,0.01793,NA,NA,"genus"
"44","Arenaria lanuginosa","Arenaria",2887378,"S",3380,2009,5389,0.01738,NA,NA,"species"
"44","Lupinus sericeus","Lupinus",61075,"S",2817,253,3070,0.0099,"Fabaceae","Fabales","species"
"44","Viola sp.","Viola",97441,"G",2306,8,2314,0.00746,NA,NA,"genus"
"44","Caltha leptosepala","Caltha",3449,"S",1397,855,2252,0.00726,NA,NA,"species"
"44","Trollius sp.","Trollius",212754,"G",1492,225,1717,0.00554,NA,NA,"genus"
"44","Taraxacum officinale","Taraxacum",50225,"S",1579,30,1609,0.00519,"Asteraceae","Asterales","species"
"44","Agastache pallidiflora","Agastache",313656,"S",1511,2,1513,0.00488,"Lamiaceae","Lamiales","species"
"44","Epilobium anagallidifolium","Epilobium",33131,"S",1478,2,1480,0.00477,"Onagraceae","Myrtales","species"
"44","Epilobium sp.","Epilobium",33131,"G",1478,2,1480,0.00477,NA,NA,"genus"
"44","Potentilla sp.","Potentilla",667297,"G",1184,224,1408,0.00454,NA,NA,"genus"
"44","Cynoglossum officinale","Cynoglossum",1421735,"S",3528,299,3827,0.01235,NA,NA,"species"
"44","Helianthella quinquenervis","Helianthella",53582,"S",1005,248,1253,0.00404,"Asteraceae","Asterales","species"
"44","Aquilegia sp.","Aquilegia",46965,"G",735,383,1118,0.00361,NA,NA,"genus"
"44","Dasiphora fruticosa","Dasiphora",32239,"S",1027,60,1087,0.00351,"Rosaceae","Rosales","species"
"44","Thalictrum sp.","Thalictrum",79802,"G",1318,764,2082,0.00672,NA,NA,"genus"
"44","Corydalis caseana","Corydalis",2894902,"S",805,0,805,0.0026,NA,NA,"species"
"44","Hypericum scouleri","Hypericum",65561,"S",794,2,796,0.00257,NA,NA,"species"
"44","Parnassia fimbriata","Parnassia",38862,"S",713,9,722,0.00233,NA,NA,"species"
"44","Geum sp.","Geum",1640877,"G",661,7,668,0.00215,NA,NA,"genus"
"44","Potentilla anserina","Potentilla",57926,"S",521,43,564,0.00182,"Rosaceae","Rosales","species"
"46","Salix sp.","Salix",43335,"G",761347,1201,762548,0.7689,NA,NA,"species"
"46","Mertensia brevistyla","Mertensia",1463753,"S",75652,28648,104300,0.10517,"Boraginaceae","Boraginales","species"
"46","Hydrophyllum sp.","Hydrophyllum",85212,"G",16100,49,16149,0.01628,NA,NA,"genus"
"46","Lupinus argenteus","Lupinus",53216,"S",10423,3892,14315,0.01443,"Fabaceae","Fabales","species"
"46","Hydrophyllum fendleri","Hydrophyllum",86854,"S",10247,1025,11272,0.01137,"Hydrophyllaceae","Boraginales","species"
"46","Erigeron sp.","Erigeron",91271,"G",4429,1689,6118,0.00617,NA,NA,"genus"
"46","Arenaria lanuginosa","Arenaria",2887378,"S",3760,1127,4887,0.00493,NA,NA,"species"
"46","Lupinus sericeus","Lupinus",61075,"S",3267,915,4182,0.00422,"Fabaceae","Fabales","species"
"46","Cynoglossum officinale","Cynoglossum",256486,"S",9777,1582,11359,0.01146,NA,NA,"species"
"46","Viola sp.","Viola",97441,"G",2346,1021,3367,0.0034,NA,NA,"genus"
"46","Paxistima myrsinites","Paxistima",123440,"S",3114,0,3114,0.00314,NA,NA,"species"
"46","Hypericum scouleri","Hypericum",65561,"S",2866,25,2891,0.00292,NA,NA,"species"
"46","Agastache pallidiflora","Agastache",313656,"S",2641,16,2657,0.00268,"Lamiaceae","Lamiales","species"
"46","Taraxacum officinale","Taraxacum",50225,"S",2248,265,2513,0.00253,"Asteraceae","Asterales","species"
"46","Sorbus scopulina","Sorbus",1572685,"S",1416,1800,3216,0.00324,NA,NA,NA
"46","Collomia linearis","Collomia",66234,"S",1616,126,1742,0.00176,NA,NA,"species"
"46","Epilobium sp.","Epilobium",33131,"G",1664,27,1691,0.00171,NA,NA,"genus"
"46","Potentilla sp.","Potentilla",667297,"G",1395,203,1598,0.00161,NA,NA,"genus"
"46","Ribes sp.","Ribes",175228,"G",1420,53,1473,0.00149,NA,NA,"genus"
"46","Ipomopsis aggregata","Ipomopsis",40742,"S",1383,72,1455,0.00147,"Polemoniaceae","Ericales","species"
"46","Corydalis caseana","Corydalis",2894902,"S",1422,2,1424,0.00144,NA,NA,"species"
"46","Delphinium nuttallianum","Delphinium",136334,"S",1256,678,1934,0.00195,"Ranunculaceae","Ranunculales","species"
"46","Rubus sp.","Rubus",714495,"G",1130,113,1243,0.00125,NA,NA,"genus"
"46","Trollius sp.","Trollius",212754,"G",962,237,1199,0.00121,NA,NA,"genus"
"46","Acer glabrum","Acer",66205,"S",1190,0,1190,0.0012,NA,NA,"species"
"46","Lithophragma glabrum","Lithophragma",100316,"S",1071,113,1184,0.00119,NA,NA,"species"
"46","Geum sp.","Geum",1640877,"G",1167,13,1180,0.00119,NA,NA,"genus"
"46","Holodiscus dumosus","Holodiscus",1961195,"S",1091,28,1119,0.00113,NA,NA,"species"
"46","Pseudognaphalium macounii","Pseudognaphalium",1754165,"S",580,481,1061,0.00107,NA,NA,"species"
"46","Hydrophyllum capitatum","Hydrophyllum",79360,"S",882,20,902,0.00091,"Hydrophyllaceae","Boraginales","species"
"46","Cerastium arvense","Cerastium",2893814,"S",630,229,859,0.00087,NA,NA,"species"
"46","Parnassia fimbriata","Parnassia",38862,"S",632,219,851,0.00086,NA,NA,"species"
"46","Rhodiola sp.","Rhodiola",203015,"G",695,128,823,0.00083,NA,NA,"genus"
"46","Shepherdia canadensis","Shepherdia",72158,"S",778,44,822,0.00083,NA,NA,"species"
"46","Thalictrum sp.","Thalictrum",46969,"G",756,52,808,0.00081,NA,NA,"genus"
"46","Dasiphora fruticosa","Dasiphora",32239,"S",679,81,760,0.00077,"Rosaceae","Rosales","species"
"46","Stellaria sp.","Stellaria",1137914,"G",1305,177,1482,0.0015,NA,NA,"genus"
"46","Phlox multiflora","Phlox",1570903,"S",632,108,740,0.00075,"Polemoniaceae","Ericales","species"
"46","Phlox sp.","Phlox",1570903,"G",632,108,740,0.00075,NA,NA,"genus"
"46","Crataegus erythropoda","Crataegus",2894908,"S",612,117,729,0.00074,NA,NA,"species"
"46","Aquilegia elegantula","Aquilegia",46965,"S",554,111,665,0.00067,"Ranunculaceae","Ranunculales","species"
"46","Aquilegia sp.","Aquilegia",46965,"G",554,111,665,0.00067,NA,NA,"genus"
"46","Nemophila breviflora","Nemophila",79376,"S",545,17,562,0.00057,NA,NA,"species"
"49","Delphinium barbeyi","Delphinium",136316,"S",39458,1266,40724,0.57013,"Ranunculaceae","Ranunculales","species"
"49","Arenaria lanuginosa","Arenaria",2887378,"S",1228,5617,6845,0.09583,NA,NA,"species"
"49","Delphinium sp.","Delphinium",984877,"G",4300,0,4300,0.0602,NA,NA,"genus"
"49","Hypericum scouleri","Hypericum",65561,"S",890,516,1406,0.01968,NA,NA,"species"
"49","Vicia americana","Vicia",200966,"S",594,421,1015,0.01421,"Fabaceae","Fabales","species"
"49","Epilobium sp.","Epilobium",33131,"G",919,61,980,0.01372,NA,NA,"genus"
"49","Caltha leptosepala","Caltha",3449,"S",535,400,935,0.01309,NA,NA,"species"
"49","Viola sp.","Viola",97441,"G",600,181,781,0.01093,NA,NA,"genus"
"51","Delphinium nuttallianum","Delphinium",136316,"S",51172,3283,54455,0.84372,"Ranunculaceae","Ranunculales","species"
"51","Arenaria lanuginosa","Arenaria",2887378,"S",1237,5299,6536,0.10127,NA,NA,"species"
"51","Delphinium sp.","Delphinium",984877,"G",5493,0,5493,0.08511,NA,NA,"genus"
"51","Hypericum scouleri","Hypericum",65561,"S",628,507,1135,0.01759,NA,NA,"species"
"51","Caltha leptosepala","Caltha",3449,"S",539,340,879,0.01362,NA,NA,"species"
"51","Viola sp.","Viola",97441,"G",622,168,790,0.01224,NA,NA,"genus"
"51","Trollius sp.","Trollius",212754,"G",648,95,743,0.01151,NA,NA,"genus"
"52","Lupinus sericeus","Lupinus",61075,"S",39306,17299,56605,0.33394,"Fabaceae","Fabales","species"
"52","Lupinus argenteus","Lupinus",53216,"S",26281,16210,42491,0.25068,"Fabaceae","Fabales","species"
"52","Mertensia brevistyla","Mertensia",1288209,"S",7334,6977,14311,0.08443,"Boraginaceae","Boraginales","species"
"52","Arenaria lanuginosa","Arenaria",2887378,"S",4351,1812,6163,0.03636,NA,NA,"species"
"52","Delphinium nuttallianum","Delphinium",136334,"S",7639,1302,8941,0.05275,"Ranunculaceae","Ranunculales","species"
"52","Agastache pallidiflora","Agastache",313656,"S",3947,64,4011,0.02366,"Lamiaceae","Lamiales","species"
"52","Erigeron sp.","Erigeron",91271,"G",1416,876,2292,0.01352,NA,NA,"genus"
"52","Senecio integerrimus","Senecio",2841768,"S",2338,644,2982,0.01759,"Asteraceae","Asterales","species"
"52","Senecio sp.","Senecio",2841768,"G",2338,644,2982,0.01759,NA,NA,"genus"
"52","Hypericum scouleri","Hypericum",65561,"S",1874,2,1876,0.01107,NA,NA,"species"
"52","Hydrophyllum sp.","Hydrophyllum",85212,"G",1859,3,1862,0.01098,NA,NA,"genus"
"52","Hydrophyllum fendleri","Hydrophyllum",86854,"S",1146,75,1221,0.0072,"Hydrophyllaceae","Boraginales","species"
"52","Rhodiola sp.","Rhodiola",203015,"G",1025,44,1069,0.00631,NA,NA,"genus"
"52","Trollius sp.","Trollius",212754,"G",940,118,1058,0.00624,NA,NA,"genus"
"52","Viola sp.","Viola",97441,"G",844,55,899,0.0053,NA,NA,"genus"
"52","Delphinium sp.","Delphinium",984877,"G",856,0,856,0.00505,NA,NA,"genus"
"52","Dasiphora fruticosa","Dasiphora",32239,"S",636,85,721,0.00425,"Rosaceae","Rosales","species"
"52","Anemone sp.",NA,714493,"G",651,64,715,0.00422,NA,NA,NA
"52","Sagina saginoides","Sagina",230724,"S",568,111,679,0.00401,NA,NA,"species"
"52","Minuartia macrantha","Minuartia",685559,"S",553,118,671,0.00396,NA,NA,"species"
"52","Epilobium sp.","Epilobium",33131,"G",652,19,671,0.00396,NA,NA,"genus"
"52","Taraxacum officinale","Taraxacum",50225,"S",637,12,649,0.00383,"Asteraceae","Asterales","species"
"52","Hydrophyllum capitatum","Hydrophyllum",79360,"S",630,15,645,0.00381,"Hydrophyllaceae","Boraginales","species"
"52","Astragalus sp.","Astragalus",47093,"G",635,0,635,0.00375,NA,NA,"genus"
"52","Salix sp.","Salix",43335,"G",551,0,551,0.00325,NA,NA,"species"
"52","Scabrethia scabra","Scabrethia",230225,"S",502,16,518,0.00306,"Asteraceae","Asterales","species"
"54","Hydrophyllum sp.","Hydrophyllum",85212,"G",11031,59,11090,0.21171,NA,NA,"genus"
"54","Hydrophyllum fendleri","Hydrophyllum",86854,"S",9264,1353,10617,0.20268,"Hydrophyllaceae","Boraginales","species"
"54","Lupinus argenteus","Lupinus",53216,"S",2003,5204,7207,0.13758,"Fabaceae","Fabales","species"
"54","Lupinus sericeus","Lupinus",61075,"S",3004,3830,6834,0.13046,"Fabaceae","Fabales","species"
"54","Epilobium sp.","Epilobium",33131,"G",6427,48,6475,0.12361,NA,NA,"genus"
"54","Arenaria lanuginosa","Arenaria",2887378,"S",2813,2416,5229,0.09982,NA,NA,"species"
"54","Agastache pallidiflora","Agastache",313656,"S",1083,25,1108,0.02115,"Lamiaceae","Lamiales","species"
"54","Rhodiola integrifolia","Rhodiola",203015,"S",835,74,909,0.01735,"Crassulaceae","Saxifragales","species"
"54","Rhodiola sp.","Rhodiola",203015,"G",835,74,909,0.01735,NA,NA,"genus"
"54","Hydrophyllum capitatum","Hydrophyllum",79360,"S",739,84,823,0.01571,"Hydrophyllaceae","Boraginales","species"
"54","Hypericum scouleri","Hypericum",65561,"S",529,6,535,0.01021,NA,NA,"species"
"55","Mertensia fusiformis","Mertensia",1463753,"S",173359,48870,222229,0.33128,"Boraginaceae","Boraginales","species"
"55","Mertensia ciliata","Mertensia",1288209,"S",55132,27992,83124,0.12391,"Boraginaceae","Boraginales","species"
"55","Delphinium nuttallianum","Delphinium",136316,"S",90624,9756,100380,0.14963,"Ranunculaceae","Ranunculales","species"
"55","Lupinus argenteus","Lupinus",53216,"S",30315,10237,40552,0.06045,"Fabaceae","Fabales","species"
"55","Hydrophyllum sp.","Hydrophyllum",85212,"G",23778,198,23976,0.03574,NA,NA,"genus"
"55","Arenaria lanuginosa","Arenaria",2887378,"S",19050,1521,20571,0.03067,NA,NA,"species"
"55","Cynoglossum officinale","Cynoglossum",1037329,"S",33576,6067,39643,0.0591,NA,NA,"species"
"55","Lupinus sericeus","Lupinus",61075,"S",11381,3544,14925,0.02225,"Fabaceae","Fabales","species"
"55","Erigeron sp.","Erigeron",91271,"G",10402,2601,13003,0.01938,NA,NA,"genus"
"55","Delphinium sp.","Delphinium",984877,"G",10142,0,10142,0.01512,NA,NA,"genus"
"55","Sorbus scopulina","Sorbus",1572685,"S",5586,5755,11341,0.01691,NA,NA,NA
"55","Hydrophyllum capitatum","Hydrophyllum",79360,"S",5446,93,5539,0.00826,"Hydrophyllaceae","Boraginales","species"
"55","Trollius sp.","Trollius",212754,"G",4476,360,4836,0.00721,NA,NA,"genus"
"55","Hydrophyllum fendleri","Hydrophyllum",86854,"S",3517,777,4294,0.0064,"Hydrophyllaceae","Boraginales","species"
"55","Corydalis caseana","Corydalis",2894902,"S",3764,0,3764,0.00561,NA,NA,"species"
"55","Anemone sp.",NA,714493,"G",2914,656,3570,0.00532,NA,NA,NA
"55","Salix sp.","Salix",43335,"G",3527,2,3529,0.00526,NA,NA,"species"
"55","Parnassia fimbriata","Parnassia",38862,"S",3160,38,3198,0.00477,NA,NA,"species"
"55","Potentilla anserina","Potentilla",57926,"S",2759,135,2894,0.00431,"Rosaceae","Rosales","species"
"55","Senecio integerrimus","Senecio",462536,"S",3116,3518,6634,0.00989,"Asteraceae","Asterales","species"
"55","Senecio sp.","Senecio",462536,"G",3116,3518,6634,0.00989,NA,NA,"genus"
"55","Collomia linearis","Collomia",66234,"S",2458,21,2479,0.0037,NA,NA,"species"
"55","Crepis intermedia","Crepis",268348,"S",2186,9,2195,0.00327,NA,NA,"species"
"55","Aquilegia sp.","Aquilegia",46965,"G",1674,394,2068,0.00308,NA,NA,"genus"
"55","Crataegus erythropoda","Crataegus",2894908,"S",1776,290,2066,0.00308,NA,NA,"species"
"55","Rubus sp.","Rubus",714495,"G",1839,172,2011,0.003,NA,NA,"genus"
"55","Minuartia macrantha","Minuartia",685559,"S",1886,55,1941,0.00289,NA,NA,"species"
"55","Hypericum scouleri","Hypericum",65561,"S",1770,5,1775,0.00265,NA,NA,"species"
"55","Potentilla sp.","Potentilla",667297,"G",1606,117,1723,0.00257,NA,NA,"genus"
"55","Geum triflorum","Geum",1640877,"S",1675,18,1693,0.00252,"Rosaceae","Rosales","species"
"55","Geum sp.","Geum",1640877,"G",1675,18,1693,0.00252,NA,NA,"genus"
"55","Phlox sp.","Phlox",1570903,"G",1627,31,1658,0.00247,NA,NA,"genus"
"55","Pseudognaphalium macounii","Pseudognaphalium",1754165,"S",2047,121,2168,0.00323,NA,NA,"species"
"55","Taraxacum officinale","Taraxacum",50225,"S",1430,129,1559,0.00232,"Asteraceae","Asterales","species"
"55","Sagina saginoides","Sagina",230724,"S",1331,35,1366,0.00204,NA,NA,"species"
"55","Caltha leptosepala","Caltha",3449,"S",1365,1,1366,0.00204,NA,NA,"species"
"55","Thalictrum fendleri","Thalictrum",79802,"S",2078,587,2665,0.00397,"Ranunculaceae","Ranunculales","species"
"55","Thalictrum sp.","Thalictrum",79802,"G",2078,587,2665,0.00397,NA,NA,"genus"
"55","Microseris nutans","Microseris",51940,"S",1300,13,1313,0.00196,NA,NA,"species"
"55","Scabrethia scabra","Scabrethia",230225,"S",1295,11,1306,0.00195,"Asteraceae","Asterales","species"
"55","Ribes sp.","Ribes",175228,"G",1275,12,1287,0.00192,NA,NA,"genus"
"55","Epilobium sp.","Epilobium",33131,"G",1271,5,1276,0.0019,NA,NA,"genus"
"55","Actaea rubra","Actaea",64034,"S",955,232,1187,0.00177,NA,NA,"species"
"55","Cerastium arvense","Cerastium",2893814,"S",2627,159,2786,0.00415,"Caryophyllaceae","Caryophyllales","species"
"55","Nemophila breviflora","Nemophila",79376,"S",1067,20,1087,0.00162,NA,NA,"species"
"55","Holodiscus dumosus","Holodiscus",1961195,"S",1049,26,1075,0.0016,NA,NA,"species"
"55","Helianthella quinquenervis","Helianthella",53582,"S",570,456,1026,0.00153,"Asteraceae","Asterales","species"
"55","Brickellia grandiflora","Brickellia",1550814,"S",919,15,934,0.00139,NA,NA,"species"
"55","Tonestus pygmaeus","Tonestus",217608,"S",858,14,872,0.0013,NA,NA,"species"
"55","Viola sp.","Viola",97441,"G",844,11,855,0.00127,NA,NA,"genus"
"55","Stellaria sp.","Stellaria",271541,"G",1425,75,1500,0.00224,NA,NA,"genus"
"55","Asteroideae",NA,261773,"Subfamily",777,45,822,0.00123,NA,NA,NA
"55","Lithophragma glabrum","Lithophragma",100316,"S",793,4,797,0.00119,NA,NA,"species"
"55","Vaccinium sp.","Vaccinium",180772,"G",596,145,741,0.0011,NA,NA,"genus"
"55","Agastache pallidiflora","Agastache",313656,"S",737,2,739,0.0011,"Lamiaceae","Lamiales","species"
"55","Paxistima myrsinites","Paxistima",123440,"S",721,0,721,0.00107,NA,NA,"species"
"55","Rhodiola integrifolia","Rhodiola",203015,"S",663,16,679,0.00101,"Crassulaceae","Saxifragales","species"
"55","Rhodiola sp.","Rhodiola",203015,"G",663,16,679,0.00101,NA,NA,"genus"
"55","Saxifraga sp.","Saxifraga",1891283,"G",557,79,636,0.00095,NA,NA,"genus"
"55","Dasiphora fruticosa","Dasiphora",32239,"S",569,30,599,0.00089,"Rosaceae","Rosales","species"
"55","Astragalus sp.","Astragalus",47093,"G",533,0,533,0.00079,NA,NA,"genus"
"56","Hydrophyllum sp.","Hydrophyllum",85212,"G",106061,691,106752,0.38776,NA,NA,"genus"
"56","Lupinus sericeus","Lupinus",61075,"S",41936,22896,64832,0.23549,"Fabaceae","Fabales","species"
"56","Lupinus argenteus","Lupinus",53216,"S",28355,16238,44593,0.16198,"Fabaceae","Fabales","species"
"56","Hydrophyllum fendleri","Hydrophyllum",86854,"S",18710,3200,21910,0.07959,"Hydrophyllaceae","Boraginales","species"
"56","Hydrophyllum capitatum","Hydrophyllum",79360,"S",3192,88,3280,0.01191,"Hydrophyllaceae","Boraginales","species"
"56","Mertensia ciliata","Mertensia",1288209,"S",1342,1420,2762,0.01003,"Boraginaceae","Boraginales","species"
"56","Arenaria lanuginosa","Arenaria",2887378,"S",1873,555,2428,0.00882,NA,NA,"species"
"56","Nemophila breviflora","Nemophila",79376,"S",1956,64,2020,0.00734,NA,NA,"species"
"56","Erigeron sp.","Erigeron",91271,"G",931,730,1661,0.00603,NA,NA,"genus"
"56","Sedum lanceolatum","Sedum",85264,"S",1384,0,1384,0.00503,NA,NA,"species"
"56","Taraxacum officinale","Taraxacum",50225,"S",1169,105,1274,0.00463,"Asteraceae","Asterales","species"
"56","Astragalus sp.","Astragalus",47093,"G",967,0,967,0.00351,NA,NA,"genus"
"56","Agastache pallidiflora","Agastache",313656,"S",881,7,888,0.00323,"Lamiaceae","Lamiales","species"
"56","Trollius sp.","Trollius",212754,"G",548,101,649,0.00236,NA,NA,"genus"
"56","Potentilla anserina","Potentilla",57926,"S",548,76,624,0.00227,"Rosaceae","Rosales","species"
"56","Hypericum scouleri","Hypericum",65561,"S",621,0,621,0.00226,NA,NA,"species"
"56","Anemone sp.",NA,714493,"G",526,58,584,0.00212,NA,NA,NA
"6","Delphinium nuttallianum","Delphinium",136316,"S",69554,4011,73565,0.85277,"Ranunculaceae","Ranunculales","species"
"6","Delphinium sp.","Delphinium",984877,"G",8573,0,8573,0.09938,NA,NA,"genus"
"6","Lupinus argenteus","Lupinus",53216,"S",699,1453,2152,0.02495,"Fabaceae","Fabales","species"
"6","Caltha leptosepala","Caltha",3449,"S",870,588,1458,0.0169,NA,NA,"species"
"6","Lupinus sericeus","Lupinus",61075,"S",596,582,1178,0.01366,"Fabaceae","Fabales","species"
"6","Trollius sp.","Trollius",212754,"G",816,134,950,0.01101,NA,NA,"genus"
"6","Aquilegia sp.","Aquilegia",46965,"G",502,433,935,0.01084,NA,NA,"genus"
"6","Thalictrum fendleri","Thalictrum",79802,"S",556,367,923,0.0107,"Ranunculaceae","Ranunculales","species"
"6","Thalictrum sp.","Thalictrum",79802,"G",556,367,923,0.0107,NA,NA,"genus"
"6","Hydrophyllum capitatum","Hydrophyllum",79360,"S",570,179,749,0.00868,"Hydrophyllaceae","Boraginales","species"
"6","Hydrophyllum sp.","Hydrophyllum",85212,"G",566,3,569,0.0066,NA,NA,"genus"
"60","Hydrophyllum sp.","Hydrophyllum",85212,"G",68542,247,68789,0.26222,NA,NA,"genus"
"60","Lupinus sericeus","Lupinus",61075,"S",51196,17300,68496,0.2611,"Fabaceae","Fabales","species"
"60","Lupinus argenteus","Lupinus",53216,"S",34837,11583,46420,0.17695,"Fabaceae","Fabales","species"
"60","Hydrophyllum fendleri","Hydrophyllum",86854,"S",36547,2900,39447,0.15037,"Hydrophyllaceae","Boraginales","species"
"60","Mertensia ciliata","Mertensia",1288209,"S",3155,1470,4625,0.01763,"Boraginaceae","Boraginales","species"
"60","Hydrophyllum capitatum","Hydrophyllum",79360,"S",2893,36,2929,0.01117,"Hydrophyllaceae","Boraginales","species"
"60","Aquilegia sp.","Aquilegia",46965,"G",2490,161,2651,0.01011,NA,NA,"genus"
"60","Erigeron sp.","Erigeron",91271,"G",1373,598,1971,0.00751,NA,NA,"genus"
"60","Nemophila breviflora","Nemophila",79376,"S",1299,23,1322,0.00504,NA,NA,"species"
"60","Arenaria lanuginosa","Arenaria",2887378,"S",714,353,1067,0.00407,NA,NA,"species"
"60","Taraxacum officinale","Taraxacum",50225,"S",1000,58,1058,0.00403,"Asteraceae","Asterales","species"
"60","Vicia americana","Vicia",200966,"S",765,21,786,0.003,"Fabaceae","Fabales","species"
"60","Astragalus sp.","Astragalus",47093,"G",752,0,752,0.00287,NA,NA,"genus"
"60","Potentilla sp.","Potentilla",667297,"G",635,97,732,0.00279,NA,NA,"genus"
"60","Agastache pallidiflora","Agastache",313656,"S",555,1,556,0.00212,"Lamiaceae","Lamiales","species"
"60","Frasera speciosa","Frasera",50758,"S",549,3,552,0.0021,"Gentianaceae","Gentianales","species"
"65","Mertensia ciliata","Mertensia",1288209,"S",66636,11817,78453,0.42756,"Boraginaceae","Boraginales","species"
"65","Mertensia fusiformis","Mertensia",1463753,"S",34086,3378,37464,0.20417,"Boraginaceae","Boraginales","species"
"65","Hydrophyllum fendleri","Hydrophyllum",86854,"S",15403,572,15975,0.08706,"Hydrophyllaceae","Boraginales","species"
"65","Lupinus argenteus","Lupinus",53216,"S",13912,2053,15965,0.08701,"Fabaceae","Fabales","species"
"65","Erigeron sp.","Erigeron",91271,"G",4624,415,5039,0.02746,NA,NA,"genus"
"65","Arenaria lanuginosa","Arenaria",2887378,"S",3083,1278,4361,0.02377,NA,NA,"species"
"65","Hydrophyllum sp.","Hydrophyllum",85212,"G",3465,4,3469,0.01891,NA,NA,"genus"
"65","Lupinus sericeus","Lupinus",61075,"S",2518,224,2742,0.01494,"Fabaceae","Fabales","species"
"65","Agastache pallidiflora","Agastache",313656,"S",1802,9,1811,0.00987,"Lamiaceae","Lamiales","species"
"65","Taraxacum officinale","Taraxacum",50225,"S",1647,76,1723,0.00939,"Asteraceae","Asterales","species"
"65","Epilobium sp.","Epilobium",33131,"G",1602,0,1602,0.00873,NA,NA,"genus"
"65","Potentilla sp.","Potentilla",667297,"G",1121,85,1206,0.00657,NA,NA,"genus"
"65","Lithophragma glabrum","Lithophragma",100316,"S",1161,0,1161,0.00633,NA,NA,"species"
"65","Cynoglossum officinale","Cynoglossum",256486,"S",2731,237,2968,0.01618,NA,NA,"species"
"65","Stellaria sp.","Stellaria",1137914,"G",1418,117,1535,0.00836,NA,NA,"genus"
"65","Senecio integerrimus","Senecio",2841770,"S",856,67,923,0.00503,"Asteraceae","Asterales","species"
"65","Senecio sp.","Senecio",2841770,"G",856,67,923,0.00503,NA,NA,"genus"
"65","Hydrophyllum capitatum","Hydrophyllum",79360,"S",852,19,871,0.00475,"Hydrophyllaceae","Boraginales","species"
"65","Hypericum scouleri","Hypericum",65561,"S",671,1,672,0.00366,NA,NA,"species"
"65","Ribes sp.","Ribes",175228,"G",648,4,652,0.00355,NA,NA,"genus"
"65","Viola sp.","Viola",97441,"G",605,33,638,0.00348,NA,NA,"genus"
"9","Delphinium nuttallianum","Delphinium",136316,"S",73391,4278,77669,0.74345,"Ranunculaceae","Ranunculales","species"
"9","Hydrophyllum capitatum","Hydrophyllum",79360,"S",13582,1502,15084,0.14438,"Hydrophyllaceae","Boraginales","species"
"9","Delphinium sp.","Delphinium",984877,"G",8915,0,8915,0.08533,NA,NA,"genus"
"9","Vicia americana","Vicia",200966,"S",4942,427,5369,0.05139,"Fabaceae","Fabales","species"
"9","Hydrophyllum sp.","Hydrophyllum",85212,"G",1576,4,1580,0.01512,NA,NA,"genus"
"9","Caltha leptosepala","Caltha",3449,"S",837,568,1405,0.01345,NA,NA,"species"
"9","Thalictrum sp.","Thalictrum",79802,"G",627,563,1190,0.01139,NA,NA,"genus"
"9","Trollius sp.","Trollius",212754,"G",827,212,1039,0.00995,NA,NA,"genus"
