TAXON,FAMILY,Sample,GENUS,Seqs_pr_taxon,Total_seqs,Prcnt_seqs,DATE,START_DOY,END_DOY,Condition,TAXON_NEW
Delphinium barbeyi,Ranunculaceae,3,Delphinium,4681,16870,27.7474807350326,172,185,221,G,Delphinium barbeyi
Epilobium canum,Onagraceae,3,Epilobium,4381,16870,25.9691760521636,172,180,229,H,Epilobium canum
Delphinium nuttallianum,Ranunculaceae,3,Delphinium,3306,16870,19.5969176052164,172,154,186,A,Delphinium nuttallianum
Delphinium gracile,Ranunculaceae,3,Delphinium,1059,16870,6.27741553052756,172,185,221,H,Delphinium gracile
Pseudognaphalium attenuatum,Asteraceae,3,Pseudognaphalium,1045,16870,6.19442797866034,172,134,257,B,Pseudognaphalium attenuatum
Cynoglossum pringlei,Boraginaceae,3,Cynoglossum,413,16870,2.44813278008299,172,134,257,B,Cynoglossum pringlei
Cynoglossum pringlei,Boraginaceae,3,Cynoglossum,413,16870,2.44813278008299,172,134,257,B,Cynoglossum pringlei
Arenaria globiflora,Caryophyllaceae,3,Arenaria,246,16870,1.45820983995258,172,134,257,B,Arenaria globiflora
Cirsium parryi,Asteraceae,3,Cirsium,158,16870,0.936573799644339,172,134,257,H,Cirsium parryi
Karpatiosorbus devoniensis,Rosaceae,3,Sorbus,98,16870,0.580912863070539,172,NA,NA,None met,Sorbus scopulina
Karpatiosorbus devoniensis,Rosaceae,3,Sorbus,98,16870,0.580912863070539,172,NA,NA,None met,Sorbus scopulina
Symphyotrichum foliaceum,Asteraceae,3,Symphyotrichum,97,16870,0.574985180794309,172,134,257,B,Symphyotrichum foliaceum
Hydrophyllum canadense,Hydrophyllaceae,3,Hydrophyllum,89,16870,0.527563722584469,172,134,257,H,Hydrophyllum canadense
Lupinus sericeus,Fabaceae,3,Lupinus,84,16870,0.497925311203319,172,134,257,A,Lupinus sericeus
Mertensia ciliata,Boraginaceae,3,Mertensia,82,16870,0.48606994665086,172,164,218,A,Mertensia ciliata
Caltha palustris,Ranunculaceae,3,Caltha,78,16870,0.46235921754594,172,164,205,B,Caltha palustris
Thalictrum thalictroides,Ranunculaceae,3,Thalictrum,69,16870,0.40901007705987,172,175,225,H,Thalictrum thalictroides
Delphinium barbeyi,Ranunculaceae,4,Delphinium,72446,166655,43.4706429450061,165,185,221,H,Delphinium barbeyi
Delphinium nuttallianum,Ranunculaceae,4,Delphinium,48259,166655,28.9574270198914,165,154,186,A,Delphinium nuttallianum
Delphinium gracile,Ranunculaceae,4,Delphinium,24639,166655,14.7844349104437,165,185,221,H,Delphinium gracile
Symphyotrichum foliaceum,Asteraceae,4,Symphyotrichum,2995,166655,1.79712579880592,165,134,257,B,Symphyotrichum foliaceum
Trollius europaeus,Ranunculaceae,4,Trollius,2473,166655,1.48390387327113,165,162,193,H,Trollius europaeus
Caltha palustris,Ranunculaceae,4,Caltha,1676,166655,1.00567039692778,165,164,205,B,Caltha palustris
Thalictrum tuberosum,Ranunculaceae,4,Thalictrum,1316,166655,0.789655275869311,165,175,225,H,Thalictrum tuberosum
Aquilegia ecalcarata,Ranunculaceae,4,Aquilegia,1118,166655,0.67084695928715,165,134,257,H,Aquilegia ecalcarata
Thalictrum thalictroides,Ranunculaceae,4,Thalictrum,950,166655,0.570039902793195,165,175,225,H,Thalictrum thalictroides
Viola odorata,Violaceae,4,Viola,770,166655,0.462032342263958,165,159,198,H,Viola odorata
Dasiphora fruticosa,Rosaceae,4,Dasiphora,627,166655,0.376226335843509,165,134,257,A,Dasiphora fruticosa
Cynoglossum amplifolium,Boraginaceae,4,Cynoglossum,470,166655,0.282019741381897,165,134,257,B,Cynoglossum amplifolium
Cynoglossum amplifolium,Boraginaceae,4,Cynoglossum,470,166655,0.282019741381897,165,134,257,B,Cynoglossum amplifolium
Helianthella quinquenervis,Asteraceae,4,Helianthella,439,166655,0.26341843929075,165,134,257,B,Helianthella quinquenervis
Arenaria globiflora,Caryophyllaceae,4,Arenaria,416,166655,0.249617473223126,165,134,257,B,Arenaria globiflora
Anemone chinensis,Ranunculaceae,4,Anemone,411,166655,0.246617263208425,165,163,202,H,Anemone chinensis
Delphinium barbeyi,Ranunculaceae,6,Delphinium,28089,67309,41.7314177895972,173,185,221,G,Delphinium barbeyi
Delphinium nuttallianum,Ranunculaceae,6,Delphinium,18261,67309,27.1301014723143,173,154,186,A,Delphinium nuttallianum
Delphinium gracile,Ranunculaceae,6,Delphinium,8231,67309,12.2286766999955,173,185,221,H,Delphinium gracile
Symphyotrichum foliaceum,Asteraceae,6,Symphyotrichum,3684,67309,5.47326509084966,173,134,257,B,Symphyotrichum foliaceum
Trollius europaeus,Ranunculaceae,6,Trollius,751,67309,1.11574975114769,173,162,193,H,Trollius europaeus
Caltha palustris,Ranunculaceae,6,Caltha,720,67309,1.06969350309765,173,164,205,B,Caltha palustris
Thalictrum tuberosum,Ranunculaceae,6,Thalictrum,452,67309,0.671529810277972,173,175,225,H,Thalictrum tuberosum
Aquilegia ecalcarata,Ranunculaceae,6,Aquilegia,441,67309,0.655187270647313,173,134,257,H,Aquilegia ecalcarata
Dasiphora fruticosa,Rosaceae,6,Dasiphora,438,67309,0.650730214384406,173,134,257,A,Dasiphora fruticosa
Hydrophyllum capitatum,Hydrophyllaceae,6,Hydrophyllum,405,67309,0.60170259549243,173,134,257,A,Hydrophyllum capitatum
Hydrophyllum canadense,Hydrophyllaceae,6,Hydrophyllum,368,67309,0.546732234916579,173,134,257,H,Hydrophyllum canadense
Lupinus sericeus,Fabaceae,6,Lupinus,349,67309,0.518504211918168,173,134,257,A,Lupinus sericeus
Erigeron grandiflorus,Asteraceae,6,Erigeron,323,67309,0.479876390972975,173,134,257,H,Erigeron grandiflorus
Taraxacum officinale,Asteraceae,6,Taraxacum,312,67309,0.463533851342317,173,134,257,B,Taraxacum officinale
Thalictrum thalictroides,Ranunculaceae,6,Thalictrum,301,67309,0.447191311711658,173,175,225,H,Thalictrum thalictroides
Delphinium barbeyi,Ranunculaceae,9,Delphinium,29693,80891,36.7074210975263,176,185,221,G,Delphinium barbeyi
Delphinium nuttallianum,Ranunculaceae,9,Delphinium,19805,80891,24.48356430258,176,154,186,A,Delphinium nuttallianum
Hydrophyllum capitatum,Hydrophyllaceae,9,Hydrophyllum,10287,80891,12.7171131522666,176,134,257,A,Hydrophyllum capitatum
Delphinium gracile,Ranunculaceae,9,Delphinium,8956,80891,11.0716890630602,176,185,221,H,Delphinium gracile
Vicia americana,Fabaceae,9,Vicia,3501,80891,4.32804638340483,176,161,212,A,Vicia americana
Hydrophyllum canadense,Hydrophyllaceae,9,Hydrophyllum,1335,80891,1.65036901509439,176,134,257,H,Hydrophyllum canadense
Symphyotrichum foliaceum,Asteraceae,9,Symphyotrichum,902,80891,1.11508078772669,176,134,257,B,Symphyotrichum foliaceum
Trollius europaeus,Ranunculaceae,9,Trollius,775,80891,0.958079390785131,176,162,193,H,Trollius europaeus
Caltha palustris,Ranunculaceae,9,Caltha,699,80891,0.864125798914589,176,164,205,B,Caltha palustris
Thalictrum tuberosum,Ranunculaceae,9,Thalictrum,476,80891,0.588446180662867,176,175,225,H,Thalictrum tuberosum
Aquilegia ecalcarata,Ranunculaceae,9,Aquilegia,335,80891,0.414137543113573,176,134,257,H,Aquilegia ecalcarata
Thalictrum thalictroides,Ranunculaceae,9,Thalictrum,290,80891,0.358507126874436,176,175,225,H,Thalictrum thalictroides
Hydrophyllum fendleri,Hydrophyllaceae,9,Hydrophyllum,271,80891,0.335018728906801,176,134,257,A,Hydrophyllum fendleri
Dasiphora fruticosa,Rosaceae,9,Dasiphora,243,80891,0.300404247691338,176,134,257,A,Dasiphora fruticosa
Arenaria globiflora,Caryophyllaceae,9,Arenaria,202,80891,0.249718757340124,176,134,257,B,Arenaria globiflora
Epilobium canum,Onagraceae,10,Epilobium,15363,69748,22.0264380340655,165,180,229,H,Epilobium canum
Agastache pallidiflora,Lamiaceae,10,Agastache,10216,69748,14.6470149681711,165,175,227,H,Agastache pallidiflora
Mertensia fusiformis,Boraginaceae,10,Mertensia,3888,69748,5.57435338647703,165,148,190,H,Mertensia fusiformis
Mertensia ciliata,Boraginaceae,10,Mertensia,3584,69748,5.13849859494179,165,164,218,A,Mertensia ciliata
Erigeron grandiflorus,Asteraceae,10,Erigeron,3523,69748,5.05104089006136,165,134,257,H,Erigeron grandiflorus
Taraxacum officinale,Asteraceae,10,Taraxacum,2819,69748,4.04169295176923,165,134,257,B,Taraxacum officinale
Pseudognaphalium attenuatum,Asteraceae,10,Pseudognaphalium,2765,69748,3.96427137695705,165,134,257,B,Pseudognaphalium attenuatum
Cirsium parryi,Asteraceae,10,Cirsium,2458,69748,3.52411538682113,165,134,257,H,Cirsium parryi
Lupinus sericeus,Fabaceae,10,Lupinus,1864,69748,2.67247806388714,165,134,257,A,Lupinus sericeus
Dasiphora fruticosa,Rosaceae,10,Dasiphora,1691,69748,2.42444227791478,165,134,257,A,Dasiphora fruticosa
Lupinus argenteus,Fabaceae,10,Lupinus,1603,69748,2.29827378562826,165,178,225,G,Lupinus argenteus
Symphyotrichum foliaceum,Asteraceae,10,Symphyotrichum,1495,69748,2.1434306360039,165,134,257,B,Symphyotrichum foliaceum
Cynoglossum pringlei,Boraginaceae,10,Cynoglossum,1168,69748,1.67459998853014,165,134,257,B,Cynoglossum pringlei
Cynoglossum pringlei,Boraginaceae,10,Cynoglossum,1168,69748,1.67459998853014,165,134,257,B,Cynoglossum pringlei
Helianthella quinquenervis,Asteraceae,10,Helianthella,1042,69748,1.49394964730171,165,134,257,B,Helianthella quinquenervis
Delphinium nuttallianum,Ranunculaceae,10,Delphinium,958,69748,1.37351608648277,165,154,186,A,Delphinium nuttallianum
Epilobium canum,Onagraceae,12,Epilobium,22638,59050,38.3370025402201,186,180,229,H,Epilobium canum
Hydrophyllum fendleri,Hydrophyllaceae,12,Hydrophyllum,12368,59050,20.9449618966977,186,134,257,A,Hydrophyllum fendleri
Hydrophyllum canadense,Hydrophyllaceae,12,Hydrophyllum,2641,59050,4.47248094834886,186,134,257,H,Hydrophyllum canadense
Pseudognaphalium attenuatum,Asteraceae,12,Pseudognaphalium,1997,59050,3.38187976291279,186,134,257,B,Pseudognaphalium attenuatum
Cynoglossum pringlei,Boraginaceae,12,Cynoglossum,1826,59050,3.09229466553768,186,134,257,B,Cynoglossum pringlei
Cynoglossum pringlei,Boraginaceae,12,Cynoglossum,1826,59050,3.09229466553768,186,134,257,B,Cynoglossum pringlei
Agastache pallidiflora,Lamiaceae,12,Agastache,1373,59050,2.32514817950889,186,175,227,B,Agastache pallidiflora
Karpatiosorbus devoniensis,Rosaceae,12,Sorbus,1301,59050,2.20321761219306,186,NA,NA,None met,Sorbus scopulina
Karpatiosorbus devoniensis,Rosaceae,12,Sorbus,1301,59050,2.20321761219306,186,NA,NA,None met,Sorbus scopulina
Erigeron grandiflorus,Asteraceae,12,Erigeron,1225,59050,2.07451312447079,186,134,257,H,Erigeron grandiflorus
Erigeron ecuadoriensis,Asteraceae,12,Erigeron,1207,59050,2.04403048264183,186,134,257,H,Erigeron ecuadoriensis
Taraxacum officinale,Asteraceae,12,Taraxacum,1045,59050,1.7696867061812,186,134,257,B,Taraxacum officinale
Cirsium parryi,Asteraceae,12,Cirsium,967,59050,1.63759525825572,186,134,257,H,Cirsium parryi
Erigeron uniflorus,Asteraceae,12,Erigeron,819,59050,1.38696020321761,186,134,257,H,Erigeron uniflorus
Mertensia ciliata,Boraginaceae,12,Mertensia,787,59050,1.33276883996613,186,164,218,A,Mertensia ciliata
Symphyotrichum foliaceum,Asteraceae,12,Symphyotrichum,737,59050,1.24809483488569,186,134,257,B,Symphyotrichum foliaceum
Lupinus sericeus,Fabaceae,12,Lupinus,692,59050,1.17188823031329,186,134,257,A,Lupinus sericeus
Hydrophyllum canadense,Hydrophyllaceae,14,Hydrophyllum,36918,65007,56.790807143846,165,134,257,H,Hydrophyllum canadense
Hydrophyllum fendleri,Hydrophyllaceae,14,Hydrophyllum,11722,65007,18.0319042564647,165,134,257,A,Hydrophyllum fendleri
Lathyrus lanszwertii,Fabaceae,14,Lathyrus,3012,65007,4.63334717799622,165,134,257,A,Lathyrus lanszwertii
Symphyotrichum foliaceum,Asteraceae,14,Symphyotrichum,2178,65007,3.35040841755503,165,134,257,B,Symphyotrichum foliaceum
Taraxacum officinale,Asteraceae,14,Taraxacum,1690,65007,2.5997200301506,165,134,257,B,Taraxacum officinale
Mertensia fusiformis,Boraginaceae,14,Mertensia,1481,65007,2.27821619210239,165,148,190,H,Mertensia fusiformis
Mertensia ciliata,Boraginaceae,14,Mertensia,871,65007,1.33985570784685,165,164,218,A,Mertensia ciliata
Hydrophyllum capitatum,Hydrophyllaceae,14,Hydrophyllum,796,65007,1.22448351715969,165,134,257,A,Hydrophyllum capitatum
Chamaenerion angustifolium,Onagraceae,14,Chamaenerion,664,65007,1.02142846155029,165,189,228,H,Chamaenerion angustifolium
Lupinus argenteus,Fabaceae,14,Lupinus,606,65007,0.932207300752227,165,178,225,G,Lupinus argenteus
Nemophila menziesii,Boraginaceae,14,Nemophila,543,65007,0.835294660575015,165,134,257,B,Nemophila menziesii
Erigeron grandiflorus,Asteraceae,14,Erigeron,479,65007,0.736843724521975,165,134,257,H,Erigeron grandiflorus
Lupinus sericeus,Fabaceae,14,Lupinus,478,65007,0.735305428646146,165,134,257,A,Lupinus sericeus
Taraxacum cucullatum,Asteraceae,14,Taraxacum,298,65007,0.45841217099697,165,134,257,B,Taraxacum cucullatum
Cirsium parryi,Asteraceae,14,Cirsium,283,65007,0.435337732859538,165,134,257,H,Cirsium parryi
Epilobium canum,Onagraceae,15,Epilobium,27119,74377,36.4615405300026,165,180,229,H,Epilobium canum
Taraxacum officinale,Asteraceae,15,Taraxacum,10455,74377,14.0567648601046,165,134,257,B,Taraxacum officinale
Pseudognaphalium attenuatum,Asteraceae,15,Pseudognaphalium,4766,74377,6.40789491375022,165,134,257,B,Pseudognaphalium attenuatum
Karpatiosorbus devoniensis,Rosaceae,15,Sorbus,4123,74377,5.54338034607473,165,NA,NA,None met,Sorbus scopulina
Karpatiosorbus devoniensis,Rosaceae,15,Sorbus,4123,74377,5.54338034607473,165,NA,NA,None met,Sorbus scopulina
Cynoglossum pringlei,Boraginaceae,15,Cynoglossum,2672,74377,3.59250843674792,165,134,257,B,Cynoglossum pringlei
Cynoglossum pringlei,Boraginaceae,15,Cynoglossum,2672,74377,3.59250843674792,165,134,257,B,Cynoglossum pringlei
Hydrophyllum fendleri,Hydrophyllaceae,15,Hydrophyllum,2213,74377,2.97538217459699,165,134,257,A,Hydrophyllum fendleri
Micromeles japonica,Rosaceae,15,Rosaceae,2106,74377,2.83152049692781,165,NA,NA,None met,Rosaceae
Micromeles japonica,Rosaceae,15,Rosaceae,2106,74377,2.83152049692781,165,NA,NA,None met,Rosaceae
Hedlundia austriaca,Rosaceae,15,Sorbus,2045,74377,2.74950589563978,165,NA,NA,None met,Sorbus scopulina
Hedlundia austriaca,Rosaceae,15,Sorbus,2045,74377,2.74950589563978,165,NA,NA,None met,Sorbus scopulina
Crataegus bipinnatifida,Rosaceae,15,Crataegus,1888,74377,2.53841913494763,165,134,257,B,Crataegus bipinnatifida
Crataegus bipinnatifida,Rosaceae,15,Crataegus,1888,74377,2.53841913494763,165,134,257,B,Crataegus bipinnatifida
Cirsium parryi,Asteraceae,15,Cirsium,1638,74377,2.20229371983274,165,134,257,H,Cirsium parryi
Ribes rubrum,Grossulariaceae,15,Ribes,1620,74377,2.17809268994447,165,155,190,H,Ribes rubrum
Agastache pallidiflora,Lamiaceae,15,Agastache,1437,74377,1.93204888608037,165,175,227,H,Agastache pallidiflora
Erigeron grandiflorus,Asteraceae,15,Erigeron,1260,74377,1.69407209217903,165,134,257,H,Erigeron grandiflorus
Taraxacum cucullatum,Asteraceae,15,Taraxacum,933,74377,1.25442004920876,165,134,257,B,Taraxacum cucullatum
Mertensia ciliata,Boraginaceae,15,Mertensia,904,74377,1.21542950105543,165,164,218,A,Mertensia ciliata
Lupinus argenteus,Fabaceae,17,Lupinus,301593,469540,64.2315883630788,154,178,225,H,Lupinus argenteus
Lupinus sericeus,Fabaceae,17,Lupinus,128793,469540,27.4296119606423,154,134,257,A,Lupinus sericeus
Mertensia ciliata,Boraginaceae,17,Mertensia,8987,469540,1.91400093708736,154,164,218,G,Mertensia ciliata
Taraxacum officinale,Asteraceae,17,Taraxacum,4617,469540,0.983302807002598,154,134,257,B,Taraxacum officinale
Erigeron grandiflorus,Asteraceae,17,Erigeron,3778,469540,0.804617285002343,154,134,257,H,Erigeron grandiflorus
Hydrophyllum canadense,Hydrophyllaceae,17,Hydrophyllum,3039,469540,0.647229203049793,154,134,257,H,Hydrophyllum canadense
Populus alba,Salicaceae,17,Salix,2383,469540,0.50751799633684,154,134,257,B,Salix
Mertensia fusiformis,Boraginaceae,17,Mertensia,1797,469540,0.382714997657282,154,148,190,H,Mertensia fusiformis
Hydrophyllum capitatum,Hydrophyllaceae,17,Hydrophyllum,1592,469540,0.339055245559484,154,134,257,A,Hydrophyllum capitatum
Astragalus pelecinus,Fabaceae,17,Astragalus,1537,469540,0.327341653533245,154,174,217,H,Astragalus pelecinus
Senecio tephrosioides,Asteraceae,17,Senecio,792,469540,0.168675725177834,154,154,203,B,Senecio tephrosioides
Taraxacum cucullatum,Asteraceae,17,Taraxacum,580,469540,0.123525152276696,154,134,257,B,Taraxacum cucullatum
Hydrophyllum fendleri,Hydrophyllaceae,17,Hydrophyllum,572,469540,0.12182135707288,154,134,257,A,Hydrophyllum fendleri
Senecio funckii,Asteraceae,17,Senecio,563,469540,0.119904587468586,154,154,203,B,Senecio funckii
Agastache pallidiflora,Lamiaceae,17,Agastache,512,469540,0.109042893044256,154,175,227,H,Agastache pallidiflora
Lupinus argenteus,Fabaceae,18,Lupinus,160507,588046,27.2949735224795,166,178,225,G,Lupinus argenteus
Mertensia fusiformis,Boraginaceae,18,Mertensia,102535,588046,17.4365610853573,166,148,190,H,Mertensia fusiformis
Vaccinium vitis-idaea,Ericaceae,18,Vaccinium,89055,588046,15.1442234110937,166,134,257,H,Vaccinium vitis-idaea
Populus alba,Salicaceae,18,Salix,61979,588046,10.5398217146278,166,134,257,B,Salix
Lupinus sericeus,Fabaceae,18,Lupinus,58005,588046,9.8640242430014,166,134,257,A,Lupinus sericeus
Mertensia ciliata,Boraginaceae,18,Mertensia,35762,588046,6.08149702574288,166,164,218,A,Mertensia ciliata
Cynoglossum pringlei,Boraginaceae,18,Cynoglossum,10269,588046,1.74629195675168,166,134,257,B,Cynoglossum pringlei
Cynoglossum pringlei,Boraginaceae,18,Cynoglossum,10269,588046,1.74629195675168,166,134,257,B,Cynoglossum pringlei
Gaultheria prostrata,Ericaceae,18,Gaultheria,7709,588046,1.31095186430993,166,134,257,B,Gaultheria prostrata
Hydrophyllum canadense,Hydrophyllaceae,18,Hydrophyllum,7518,588046,1.27847141210041,166,134,257,H,Hydrophyllum canadense
Erigeron grandiflorus,Asteraceae,18,Erigeron,6334,588046,1.07712661934611,166,134,257,H,Erigeron grandiflorus
Cynoglossum anchusoides,Boraginaceae,18,Cynoglossum,6055,588046,1.0296813514589,166,134,257,B,Cynoglossum anchusoides
Cynoglossum anchusoides,Boraginaceae,18,Cynoglossum,6055,588046,1.0296813514589,166,134,257,B,Cynoglossum anchusoides
Cynoglossum amplifolium,Boraginaceae,18,Cynoglossum,4707,588046,0.800447584032542,166,134,257,B,Cynoglossum amplifolium
Cynoglossum amplifolium,Boraginaceae,18,Cynoglossum,4707,588046,0.800447584032542,166,134,257,B,Cynoglossum amplifolium
Senecio tephrosioides,Asteraceae,18,Senecio,3770,588046,0.641106308009918,166,154,203,B,Senecio tephrosioides
Epilobium canum,Onagraceae,18,Epilobium,3538,588046,0.601653612132384,166,180,229,H,Epilobium canum
Senecio funckii,Asteraceae,18,Senecio,2833,588046,0.481765031987294,166,154,203,B,Senecio funckii
Hydrophyllum canadense,Hydrophyllaceae,19,Hydrophyllum,101079,141824,71.2707299187726,169,134,257,H,Hydrophyllum canadense
Hydrophyllum fendleri,Hydrophyllaceae,19,Hydrophyllum,11234,141824,7.92108528880866,169,134,257,A,Hydrophyllum fendleri
Lathyrus lanszwertii,Fabaceae,19,Lathyrus,9072,141824,6.39666064981949,169,134,257,A,Lathyrus lanszwertii
Epilobium canum,Onagraceae,19,Epilobium,4027,141824,2.83943479241877,169,180,229,H,Epilobium canum
Lupinus argenteus,Fabaceae,19,Lupinus,2447,141824,1.725377933213,169,178,225,G,Lupinus argenteus
Chamaenerion angustifolium,Onagraceae,19,Chamaenerion,1412,141824,0.995600180505415,169,189,228,H,Chamaenerion angustifolium
Nemophila menziesii,Boraginaceae,19,Nemophila,1216,141824,0.857400722021661,169,134,257,B,Nemophila menziesii
Lupinus sericeus,Fabaceae,19,Lupinus,1132,141824,0.79817238267148,169,134,257,A,Lupinus sericeus
Pseudognaphalium attenuatum,Asteraceae,19,Pseudognaphalium,837,141824,0.59016809566787,169,134,257,B,Pseudognaphalium attenuatum
Taraxacum officinale,Asteraceae,19,Taraxacum,769,141824,0.542221344765343,169,134,257,B,Taraxacum officinale
Erigeron grandiflorus,Asteraceae,19,Erigeron,757,141824,0.533760153429603,169,134,257,H,Erigeron grandiflorus
Symphyotrichum foliaceum,Asteraceae,19,Symphyotrichum,738,141824,0.520363267148015,169,134,257,B,Symphyotrichum foliaceum
Vaccinium vitis-idaea,Ericaceae,19,Vaccinium,656,141824,0.462545126353791,169,134,257,H,Vaccinium vitis-idaea
Agastache pallidiflora,Lamiaceae,19,Agastache,494,141824,0.3483190433213,169,175,227,H,Agastache pallidiflora
Arenaria globiflora,Caryophyllaceae,19,Arenaria,490,141824,0.345498646209386,169,134,257,B,Arenaria globiflora
Mertensia ciliata,Boraginaceae,20,Mertensia,15434,48535,31.7997321520552,165,164,218,A,Mertensia ciliata
Mertensia fusiformis,Boraginaceae,20,Mertensia,15386,48535,31.7008344493664,165,148,190,H,Mertensia fusiformis
Parnassia palustris,Celastraceae,20,Parnassia,3811,48535,7.85206551972803,165,160,219,C,Parnassia palustris
Hydrophyllum fendleri,Hydrophyllaceae,20,Hydrophyllum,3119,48535,6.42629030596477,165,134,257,A,Hydrophyllum fendleri
Lupinus argenteus,Fabaceae,20,Lupinus,2006,48535,4.13309982486865,165,178,225,G,Lupinus argenteus
Erigeron grandiflorus,Asteraceae,20,Erigeron,1530,48535,3.1523642732049,165,134,257,H,Erigeron grandiflorus
Geum ternatum,Rosaceae,20,Geum,831,48535,1.71216647779953,165,134,257,H,Geum ternatum
Lupinus sericeus,Fabaceae,20,Lupinus,829,48535,1.70804574018749,165,134,257,A,Lupinus sericeus
Taraxacum officinale,Asteraceae,20,Taraxacum,753,48535,1.55145771093026,165,134,257,B,Taraxacum officinale
Hydrophyllum canadense,Hydrophyllaceae,20,Hydrophyllum,705,48535,1.45256000824148,165,134,257,H,Hydrophyllum canadense
Epilobium canum,Onagraceae,20,Epilobium,663,48535,1.36602451838879,165,180,229,H,Epilobium canum
Symphyotrichum foliaceum,Asteraceae,20,Symphyotrichum,418,48535,0.861234160914804,165,134,257,B,Symphyotrichum foliaceum
Cirsium parryi,Asteraceae,20,Cirsium,405,48535,0.834449366436592,165,134,257,H,Cirsium parryi
Cynoglossum anchusoides,Boraginaceae,20,Cynoglossum,287,48535,0.591325847326671,165,134,257,B,Cynoglossum anchusoides
Cynoglossum anchusoides,Boraginaceae,20,Cynoglossum,287,48535,0.591325847326671,165,134,257,B,Cynoglossum anchusoides
Cynoglossum pringlei,Boraginaceae,20,Cynoglossum,265,48535,0.545997733594313,165,134,257,B,Cynoglossum pringlei
Cynoglossum pringlei,Boraginaceae,20,Cynoglossum,265,48535,0.545997733594313,165,134,257,B,Cynoglossum pringlei
Hydrophyllum fendleri,Hydrophyllaceae,21,Hydrophyllum,17841,28285,63.0758352483649,165,134,257,A,Hydrophyllum fendleri
Hydrophyllum canadense,Hydrophyllaceae,21,Hydrophyllum,4249,28285,15.0220965175888,165,134,257,H,Hydrophyllum canadense
Parnassia palustris,Celastraceae,21,Parnassia,1761,28285,6.22591479582818,165,160,219,C,Parnassia palustris
Hydrophyllum capitatum,Hydrophyllaceae,21,Hydrophyllum,709,28285,2.50662895527665,165,134,257,A,Hydrophyllum capitatum
Erigeron grandiflorus,Asteraceae,21,Erigeron,346,28285,1.22326321371752,165,134,257,H,Erigeron grandiflorus
Taraxacum officinale,Asteraceae,21,Taraxacum,337,28285,1.19144422838961,165,134,257,B,Taraxacum officinale
Lupinus sericeus,Fabaceae,21,Lupinus,321,28285,1.13487714336221,165,134,257,A,Lupinus sericeus
Geum ternatum,Rosaceae,21,Geum,300,28285,1.06063284426374,165,134,257,H,Geum ternatum
Mertensia fusiformis,Boraginaceae,21,Mertensia,299,28285,1.05709740144953,165,148,190,H,Mertensia fusiformis
Cirsium parryi,Asteraceae,21,Cirsium,260,28285,0.919215131695245,165,134,257,H,Cirsium parryi
Symphyotrichum foliaceum,Asteraceae,21,Symphyotrichum,232,28285,0.820222732897295,165,134,257,B,Symphyotrichum foliaceum
Lupinus argenteus,Fabaceae,21,Lupinus,211,28285,0.745978433798833,165,178,225,G,Lupinus argenteus
Mertensia ciliata,Boraginaceae,21,Mertensia,194,28285,0.685875905957221,165,164,218,A,Mertensia ciliata
Epilobium canum,Onagraceae,21,Epilobium,167,28285,0.590418949973484,165,180,229,H,Epilobium canum
Nemophila menziesii,Boraginaceae,21,Nemophila,127,28285,0.449001237404985,165,134,257,B,Nemophila menziesii
Delphinium barbeyi,Ranunculaceae,23,Delphinium,38912,66752,58.2933844678811,165,185,221,H,Delphinium barbeyi
Delphinium nuttallianum,Ranunculaceae,23,Delphinium,11475,66752,17.1904961649089,165,154,186,A,Delphinium nuttallianum
Delphinium gracile,Ranunculaceae,23,Delphinium,6116,66752,9.16227229146692,165,185,221,H,Delphinium gracile
Viola odorata,Violaceae,23,Viola,3796,66752,5.68672099712368,165,159,198,H,Viola odorata
Trollius europaeus,Ranunculaceae,23,Trollius,552,66752,0.826941514860978,165,162,193,H,Trollius europaeus
Caltha palustris,Ranunculaceae,23,Caltha,525,66752,0.786493288590604,165,164,205,B,Caltha palustris
Potentilla pulcherrima,Rosaceae,23,Potentilla,498,66752,0.74604506232023,165,134,257,H,Potentilla pulcherrima
Lithophragma parviflorum,Saxifragaceae,23,Lithophragma,482,66752,0.722075743048897,165,134,257,B,Lithophragma parviflorum
Aquilegia ecalcarata,Ranunculaceae,23,Aquilegia,367,66752,0.549796260786194,165,134,257,H,Aquilegia ecalcarata
Thalictrum tuberosum,Ranunculaceae,23,Thalictrum,275,66752,0.411972674976031,165,175,225,H,Thalictrum tuberosum
Arenaria globiflora,Caryophyllaceae,23,Arenaria,271,66752,0.405980345158197,165,134,257,B,Arenaria globiflora
Cynoglossum amplifolium,Boraginaceae,23,Cynoglossum,249,66752,0.373022531160115,165,134,257,B,Cynoglossum amplifolium
Cynoglossum amplifolium,Boraginaceae,23,Cynoglossum,249,66752,0.373022531160115,165,134,257,B,Cynoglossum amplifolium
Corydalis aitchisonii,Papaveraceae,23,Corydalis,245,66752,0.367030201342282,165,177,230,H,Corydalis aitchisonii
Dasiphora fruticosa,Rosaceae,23,Dasiphora,202,66752,0.302612655800575,165,134,257,A,Dasiphora fruticosa
Lupinus sericeus,Fabaceae,23,Lupinus,191,66752,0.286133748801534,165,134,257,A,Lupinus sericeus
Delphinium barbeyi,Ranunculaceae,24,Delphinium,5159,11976,43.0778223112892,163,185,221,H,Delphinium barbeyi
Delphinium nuttallianum,Ranunculaceae,24,Delphinium,3219,11976,26.8787575150301,163,154,186,A,Delphinium nuttallianum
Delphinium gracile,Ranunculaceae,24,Delphinium,1652,11976,13.7942551770207,163,185,221,H,Delphinium gracile
Taraxacum officinale,Asteraceae,24,Taraxacum,430,11976,3.59051436205745,163,134,257,B,Taraxacum officinale
Trollius europaeus,Ranunculaceae,24,Trollius,166,11976,1.38610554442218,163,162,193,H,Trollius europaeus
Dasiphora fruticosa,Rosaceae,24,Dasiphora,150,11976,1.25250501002004,163,134,257,A,Dasiphora fruticosa
Caltha palustris,Ranunculaceae,24,Caltha,147,11976,1.22745490981964,163,164,205,H,Caltha palustris
Parnassia palustris,Celastraceae,24,Parnassia,119,11976,0.993653974615898,163,160,219,C,Parnassia palustris
Aquilegia ecalcarata,Ranunculaceae,24,Aquilegia,96,11976,0.801603206412826,163,134,257,H,Aquilegia ecalcarata
Taraxacum cucullatum,Asteraceae,24,Taraxacum,85,11976,0.709752839011356,163,134,257,B,Taraxacum cucullatum
Thalictrum tuberosum,Ranunculaceae,24,Thalictrum,61,11976,0.50935203740815,163,134,257,B,Thalictrum tuberosum
Corydalis aitchisonii,Papaveraceae,24,Corydalis,59,11976,0.492651970607882,163,177,230,H,Corydalis aitchisonii
Thalictrum thalictroides,Ranunculaceae,24,Thalictrum,54,11976,0.450901803607214,163,134,257,B,Thalictrum thalictroides
Orthilia secunda,Ericaceae,24,Orthilia,45,11976,0.375751503006012,163,195,234,H,Orthilia secunda
Helianthella quinquenervis,Asteraceae,24,Helianthella,39,11976,0.32565130260521,163,134,257,B,Helianthella quinquenervis
Delphinium barbeyi,Ranunculaceae,25,Delphinium,24322,54192,44.8811632713316,163,185,221,H,Delphinium barbeyi
Delphinium nuttallianum,Ranunculaceae,25,Delphinium,14397,54192,26.5666519043401,163,154,186,A,Delphinium nuttallianum
Delphinium gracile,Ranunculaceae,25,Delphinium,8440,54192,15.5742545025096,163,185,221,H,Delphinium gracile
Trollius europaeus,Ranunculaceae,25,Trollius,947,54192,1.74749040448775,163,162,193,H,Trollius europaeus
Caltha palustris,Ranunculaceae,25,Caltha,593,54192,1.0942574549749,163,164,205,H,Caltha palustris
Taraxacum officinale,Asteraceae,25,Taraxacum,464,54192,0.856214939474461,163,134,257,B,Taraxacum officinale
Aquilegia ecalcarata,Ranunculaceae,25,Aquilegia,411,54192,0.758414526129318,163,134,257,H,Aquilegia ecalcarata
Parnassia palustris,Celastraceae,25,Parnassia,364,54192,0.671685857691172,163,160,219,C,Parnassia palustris
Thalictrum tuberosum,Ranunculaceae,25,Thalictrum,328,54192,0.605255388249188,163,134,257,B,Thalictrum tuberosum
Dasiphora fruticosa,Rosaceae,25,Dasiphora,275,54192,0.507454974904045,163,134,257,A,Dasiphora fruticosa
Thalictrum thalictroides,Ranunculaceae,25,Thalictrum,209,54192,0.385665780927074,163,134,257,B,Thalictrum thalictroides
Mertensia fusiformis,Boraginaceae,25,Mertensia,208,54192,0.383820490109241,163,148,190,H,Mertensia fusiformis
Lupinus sericeus,Fabaceae,25,Lupinus,201,54192,0.370903454384411,163,134,257,A,Lupinus sericeus
Corydalis aitchisonii,Papaveraceae,25,Corydalis,160,54192,0.295246530853262,163,177,230,H,Corydalis aitchisonii
Erigeron grandiflorus,Asteraceae,25,Erigeron,158,54192,0.291555949217597,163,134,257,H,Erigeron grandiflorus
Delphinium barbeyi,Ranunculaceae,26,Delphinium,171592,388214,44.200363716919,165,185,221,H,Delphinium barbeyi
Delphinium nuttallianum,Ranunculaceae,26,Delphinium,108988,388214,28.0742064943562,165,154,186,A,Delphinium nuttallianum
Delphinium gracile,Ranunculaceae,26,Delphinium,52942,388214,13.6373237441205,165,185,221,H,Delphinium gracile
Taraxacum officinale,Asteraceae,26,Taraxacum,8448,388214,2.17611935684957,165,134,257,B,Taraxacum officinale
Trollius europaeus,Ranunculaceae,26,Trollius,6343,388214,1.63389264683911,165,162,193,H,Trollius europaeus
Caltha palustris,Ranunculaceae,26,Caltha,4126,388214,1.0628158695977,165,164,205,B,Caltha palustris
Thalictrum tuberosum,Ranunculaceae,26,Thalictrum,2912,388214,0.750101748004966,165,175,225,H,Thalictrum tuberosum
Aquilegia ecalcarata,Ranunculaceae,26,Aquilegia,2618,388214,0.674370321523696,165,134,257,H,Aquilegia ecalcarata
Hydrophyllum capitatum,Hydrophyllaceae,26,Hydrophyllum,2335,388214,0.601472383788323,165,134,257,A,Hydrophyllum capitatum
Thalictrum thalictroides,Ranunculaceae,26,Thalictrum,1921,388214,0.494830170988166,165,175,225,H,Thalictrum thalictroides
Taraxacum cucullatum,Asteraceae,26,Taraxacum,1772,388214,0.45644927797555,165,134,257,B,Taraxacum cucullatum
Dasiphora fruticosa,Rosaceae,26,Dasiphora,1464,388214,0.377111593090409,165,134,257,A,Dasiphora fruticosa
Anemone chinensis,Ranunculaceae,26,Anemone,1346,388214,0.346715986543504,165,163,202,H,Anemone chinensis
Viola odorata,Violaceae,26,Viola,1023,388214,0.263514453368503,165,159,198,H,Viola odorata
Actaea heracleifolia,Ranunculaceae,26,Actaea,967,388214,0.249089419753023,165,144,220,B,Actaea heracleifolia
Delphinium barbeyi,Ranunculaceae,27,Delphinium,25683,58001,44.2802710298098,166,185,221,H,Delphinium barbeyi
Delphinium nuttallianum,Ranunculaceae,27,Delphinium,16430,58001,28.3270978086585,166,154,186,A,Delphinium nuttallianum
Delphinium gracile,Ranunculaceae,27,Delphinium,7556,58001,13.0273615972138,166,185,221,H,Delphinium gracile
Trollius europaeus,Ranunculaceae,27,Trollius,1288,58001,2.22065136807986,166,162,193,H,Trollius europaeus
Parnassia palustris,Celastraceae,27,Parnassia,713,58001,1.22928915018707,166,160,219,C,Parnassia palustris
Thalictrum tuberosum,Ranunculaceae,27,Thalictrum,540,58001,0.931018430716712,166,175,225,H,Thalictrum tuberosum
Caltha palustris,Ranunculaceae,27,Caltha,459,58001,0.791365666109205,166,164,205,B,Caltha palustris
Thalictrum thalictroides,Ranunculaceae,27,Thalictrum,329,58001,0.567231599455182,166,175,225,H,Thalictrum thalictroides
Hydrophyllum capitatum,Hydrophyllaceae,27,Hydrophyllum,313,58001,0.539645868174687,166,134,257,A,Hydrophyllum capitatum
Lupinus argenteus,Fabaceae,27,Lupinus,295,58001,0.50861192048413,166,178,225,G,Lupinus argenteus
Dasiphora fruticosa,Rosaceae,27,Dasiphora,285,58001,0.49137083843382,166,134,257,A,Dasiphora fruticosa
Anemone chinensis,Ranunculaceae,27,Anemone,269,58001,0.463785107153325,166,163,202,H,Anemone chinensis
Aquilegia ecalcarata,Ranunculaceae,27,Aquilegia,263,58001,0.453440457923139,166,134,257,H,Aquilegia ecalcarata
Lupinus sericeus,Fabaceae,27,Lupinus,260,58001,0.448268133308046,166,134,257,A,Lupinus sericeus
Erigeron grandiflorus,Asteraceae,27,Erigeron,235,58001,0.405165428182273,166,134,257,H,Erigeron grandiflorus
Delphinium barbeyi,Ranunculaceae,28,Delphinium,33236,71784,46.3000111445447,166,185,221,H,Delphinium barbeyi
Delphinium nuttallianum,Ranunculaceae,28,Delphinium,19779,71784,27.5534938147777,166,154,186,A,Delphinium nuttallianum
Delphinium gracile,Ranunculaceae,28,Delphinium,10354,71784,14.4238270366656,166,185,221,H,Delphinium gracile
Trollius europaeus,Ranunculaceae,28,Trollius,939,71784,1.30809093948512,166,162,193,H,Trollius europaeus
Caltha palustris,Ranunculaceae,28,Caltha,721,71784,1.00440209517441,166,164,205,B,Caltha palustris
Cynoglossum amplifolium,Boraginaceae,28,Cynoglossum,713,71784,0.993257550429065,166,134,257,B,Cynoglossum amplifolium
Cynoglossum amplifolium,Boraginaceae,28,Cynoglossum,713,71784,0.993257550429065,166,134,257,B,Cynoglossum amplifolium
Thalictrum tuberosum,Ranunculaceae,28,Thalictrum,604,71784,0.84141312827371,166,175,225,H,Thalictrum tuberosum
Aquilegia ecalcarata,Ranunculaceae,28,Aquilegia,379,71784,0.527972807310821,166,134,257,H,Aquilegia ecalcarata
Populus alba,Salicaceae,28,Salix,345,71784,0.480608492143096,166,134,257,B,Salix
Thalictrum thalictroides,Ranunculaceae,28,Thalictrum,338,71784,0.470857015490917,166,175,225,H,Thalictrum thalictroides
Anemone chinensis,Ranunculaceae,28,Anemone,316,71784,0.440209517441213,166,163,202,H,Anemone chinensis
Dasiphora fruticosa,Rosaceae,28,Dasiphora,270,71784,0.376128385155466,166,134,257,A,Dasiphora fruticosa
Erigeron grandiflorus,Asteraceae,28,Erigeron,210,71784,0.292544299565363,166,134,257,H,Erigeron grandiflorus
Berberis sibirica,Berberidaceae,28,Berberis,188,71784,0.261896801515658,166,134,257,B,Berberis sibirica
Lupinus argenteus,Fabaceae,28,Lupinus,185,71784,0.257717597236153,166,178,225,G,Lupinus argenteus
Agastache pallidiflora,Lamiaceae,29,Agastache,50501,201510,25.0612872810282,166,175,227,H,Agastache pallidiflora
Delphinium barbeyi,Ranunculaceae,29,Delphinium,35781,201510,17.7564388864076,166,185,221,H,Delphinium barbeyi
Delphinium nuttallianum,Ranunculaceae,29,Delphinium,12449,201510,6.17785717830381,166,154,186,A,Delphinium nuttallianum
Delphinium gracile,Ranunculaceae,29,Delphinium,7561,201510,3.75217110813359,166,185,221,H,Delphinium gracile
Helianthella quinquenervis,Asteraceae,29,Helianthella,2908,201510,1.44310456056771,166,134,257,B,Helianthella quinquenervis
Lupinus argenteus,Fabaceae,29,Lupinus,2740,201510,1.3597340082378,166,178,225,G,Lupinus argenteus
Campanula rotundifolia,Campanulaceae,29,Campanula,2703,201510,1.34137263659372,166,191,234,H,Campanula rotundifolia
Phlox douglasii,Polemoniaceae,29,Phlox,2701,201510,1.34038013001836,166,168,209,H,Phlox douglasii
Populus alba,Salicaceae,29,Salix,2676,201510,1.32797379782641,166,134,257,B,Salix
Cynoglossum amplifolium,Boraginaceae,29,Cynoglossum,2432,201510,1.20688799563297,166,134,257,B,Cynoglossum amplifolium
Cynoglossum amplifolium,Boraginaceae,29,Cynoglossum,2432,201510,1.20688799563297,166,134,257,B,Cynoglossum amplifolium
Taraxacum officinale,Asteraceae,29,Taraxacum,2297,201510,1.13989380179644,166,134,257,B,Taraxacum officinale
Lithophragma parviflorum,Saxifragaceae,29,Lithophragma,2205,201510,1.09423849933006,166,134,257,B,Lithophragma parviflorum
Hydrophyllum canadense,Hydrophyllaceae,29,Hydrophyllum,2128,201510,1.05602699617885,166,134,257,H,Hydrophyllum canadense
Osmorhiza aristata,Apiaceae,29,Osmorhiza,2126,201510,1.05503448960349,166,134,257,H,Osmorhiza aristata
Campanula argaea,Campanulaceae,29,Campanula,2107,201510,1.04560567713761,166,191,234,H,Campanula argaea
Mertensia fusiformis,Boraginaceae,30,Mertensia,77561,282084,27.4957104975823,155,148,190,H,Mertensia fusiformis
Lupinus argenteus,Fabaceae,30,Lupinus,49939,282084,17.7035918378923,155,178,225,H,Lupinus argenteus
Mertensia ciliata,Boraginaceae,30,Mertensia,48791,282084,17.296620864707,155,164,218,G,Mertensia ciliata
Delphinium barbeyi,Ranunculaceae,30,Delphinium,29197,282084,10.3504629826576,155,185,221,H,Delphinium barbeyi
Delphinium nuttallianum,Ranunculaceae,30,Delphinium,16705,282084,5.92199486677727,155,154,186,A,Delphinium nuttallianum
Cynoglossum pringlei,Boraginaceae,30,Cynoglossum,12730,282084,4.5128401469066,155,134,257,B,Cynoglossum pringlei
Cynoglossum pringlei,Boraginaceae,30,Cynoglossum,12730,282084,4.5128401469066,155,134,257,B,Cynoglossum pringlei
Delphinium gracile,Ranunculaceae,30,Delphinium,9348,282084,3.31390649593738,155,185,221,H,Delphinium gracile
Erigeron grandiflorus,Asteraceae,30,Erigeron,7517,282084,2.66480906396676,155,134,257,H,Erigeron grandiflorus
Cynoglossum anchusoides,Boraginaceae,30,Cynoglossum,6452,282084,2.28726195034103,155,134,257,B,Cynoglossum anchusoides
Cynoglossum anchusoides,Boraginaceae,30,Cynoglossum,6452,282084,2.28726195034103,155,134,257,B,Cynoglossum anchusoides
Cynoglossum amplifolium,Boraginaceae,30,Cynoglossum,6103,282084,2.16353993845805,155,134,257,B,Cynoglossum amplifolium
Cynoglossum amplifolium,Boraginaceae,30,Cynoglossum,6103,282084,2.16353993845805,155,134,257,B,Cynoglossum amplifolium
Campanula rotundifolia,Campanulaceae,30,Campanula,2441,282084,0.865345074516811,155,191,234,H,Campanula rotundifolia
Populus alba,Salicaceae,30,Salix,2364,282084,0.838048240949504,155,134,257,B,Salix
Trollius europaeus,Ranunculaceae,30,Trollius,1129,282084,0.400235390876477,155,134,257,B,Trollius europaeus
Arenaria globiflora,Caryophyllaceae,30,Arenaria,799,282084,0.283248961302307,155,134,257,B,Arenaria globiflora
Caltha palustris,Ranunculaceae,30,Caltha,703,282084,0.249216545426185,155,164,205,H,Caltha palustris
Lupinus argenteus,Fabaceae,31,Lupinus,82900,186276,44.5038544954798,201,178,225,A,Lupinus argenteus
Lupinus sericeus,Fabaceae,31,Lupinus,36017,186276,19.3352874229638,201,134,257,A,Lupinus sericeus
Delphinium barbeyi,Ranunculaceae,31,Delphinium,9125,186276,4.89864502136615,201,185,221,A,Delphinium barbeyi
Viola odorata,Violaceae,31,Viola,9003,186276,4.83315080847774,201,159,198,H,Viola odorata
Vicia americana,Fabaceae,31,Vicia,8854,186276,4.7531619747042,201,161,212,A,Vicia americana
Delphinium nuttallianum,Ranunculaceae,31,Delphinium,5905,186276,3.17002727136078,201,185,221,H,Delphinium nuttallianum
Lithophragma parviflorum,Saxifragaceae,31,Lithophragma,3917,186276,2.10279370396616,201,134,257,B,Lithophragma parviflorum
Campanula rotundifolia,Campanulaceae,31,Campanula,2833,186276,1.52086151731839,201,195,229,A,Campanula rotundifolia
Delphinium gracile,Ranunculaceae,31,Delphinium,2338,186276,1.25512680109085,201,185,221,H,Delphinium gracile
Mertensia ciliata,Boraginaceae,31,Mertensia,2262,186276,1.21432712748824,201,164,218,A,Mertensia ciliata
Saxifraga x geum,Saxifragaceae,31,Saxifraga,1649,186276,0.88524554961455,201,182,220,H,Saxifraga x geum
Crataegus bipinnatifida,Rosaceae,31,Crataegus,1633,186276,0.87665614464558,201,134,257,B,Crataegus bipinnatifida
Crataegus bipinnatifida,Rosaceae,31,Crataegus,1633,186276,0.87665614464558,201,134,257,B,Crataegus bipinnatifida
Agastache pallidiflora,Lamiaceae,31,Agastache,1556,186276,0.835319633232408,201,175,227,B,Agastache pallidiflora
Hydrophyllum capitatum,Hydrophyllaceae,31,Hydrophyllum,1543,186276,0.828340741695119,201,134,257,A,Hydrophyllum capitatum
Arenaria globiflora,Caryophyllaceae,31,Arenaria,1542,186276,0.827803903884558,201,134,257,H,Arenaria globiflora
Delphinium barbeyi,Ranunculaceae,32,Delphinium,60571,134862,44.9133187999585,170,185,221,H,Delphinium barbeyi
Delphinium nuttallianum,Ranunculaceae,32,Delphinium,36104,134862,26.7710696860494,170,154,186,A,Delphinium nuttallianum
Delphinium gracile,Ranunculaceae,32,Delphinium,18758,134862,13.909032937373,170,185,221,H,Delphinium gracile
Trollius europaeus,Ranunculaceae,32,Trollius,1902,134862,1.41033056012813,170,162,193,H,Trollius europaeus
Cynoglossum amplifolium,Boraginaceae,32,Cynoglossum,1638,134862,1.21457489878543,170,134,257,B,Cynoglossum amplifolium
Cynoglossum amplifolium,Boraginaceae,32,Cynoglossum,1638,134862,1.21457489878543,170,134,257,B,Cynoglossum amplifolium
Hydrophyllum canadense,Hydrophyllaceae,32,Hydrophyllum,1499,134862,1.11150657709362,170,134,257,H,Hydrophyllum canadense
Caltha palustris,Ranunculaceae,32,Caltha,1328,134862,0.984710296451187,170,164,205,B,Caltha palustris
Populus alba,Salicaceae,32,Salix,1305,134862,0.967655825955421,170,134,257,B,Salix
Thalictrum tuberosum,Ranunculaceae,32,Thalictrum,1010,134862,0.748913704379292,170,175,225,H,Thalictrum tuberosum
Aquilegia ecalcarata,Ranunculaceae,32,Aquilegia,711,134862,0.527205587934333,170,134,257,H,Aquilegia ecalcarata
Dasiphora fruticosa,Rosaceae,32,Dasiphora,642,134862,0.476042176447035,170,134,257,A,Dasiphora fruticosa
Thalictrum thalictroides,Ranunculaceae,32,Thalictrum,636,134862,0.471593184143791,170,175,225,H,Thalictrum thalictroides
Hydrophyllum fendleri,Hydrophyllaceae,32,Hydrophyllum,553,134862,0.410048790615592,170,134,257,A,Hydrophyllum fendleri
Anemone chinensis,Ranunculaceae,32,Anemone,546,134862,0.404858299595142,170,163,202,H,Anemone chinensis
Taraxacum officinale,Asteraceae,32,Taraxacum,461,134862,0.341830908632528,170,134,257,B,Taraxacum officinale
Delphinium nuttallianum,Ranunculaceae,33,Delphinium,46,199,23.1155778894472,166,154,186,A,Delphinium nuttallianum
Delphinium barbeyi,Ranunculaceae,33,Delphinium,46,199,23.1155778894472,166,185,221,H,Delphinium barbeyi
Populus alba,Salicaceae,33,Salix,20,199,10.0502512562814,166,134,257,B,Salix
Thalictrum tuberosum,Ranunculaceae,33,Thalictrum,16,199,8.04020100502512,166,175,225,H,Thalictrum tuberosum
Mertensia ciliata,Boraginaceae,33,Mertensia,14,199,7.03517587939699,166,164,218,A,Mertensia ciliata
Symphyotrichum foliaceum,Asteraceae,33,Symphyotrichum,10,199,5.0251256281407,166,134,257,B,Symphyotrichum foliaceum
Lupinus argenteus,Fabaceae,33,Lupinus,8,199,4.02010050251256,166,178,225,G,Lupinus argenteus
Hydrophyllum fendleri,Hydrophyllaceae,33,Hydrophyllum,5,199,2.51256281407035,166,134,257,A,Hydrophyllum fendleri
Aquilegia ecalcarata,Ranunculaceae,33,Aquilegia,5,199,2.51256281407035,166,134,257,H,Aquilegia ecalcarata
Hydrophyllum canadense,Hydrophyllaceae,33,Hydrophyllum,4,199,2.01005025125628,166,134,257,H,Hydrophyllum canadense
Viola odorata,Violaceae,33,Viola,4,199,2.01005025125628,166,159,198,H,Viola odorata
Ipomopsis aggregata,Polemoniaceae,33,Ipomopsis,3,199,1.50753768844221,166,165,207,A,Ipomopsis aggregata
Lithophragma parviflorum,Saxifragaceae,33,Lithophragma,3,199,1.50753768844221,166,134,257,B,Lithophragma parviflorum
Mertensia fusiformis,Boraginaceae,33,Mertensia,3,199,1.50753768844221,166,148,190,H,Mertensia fusiformis
Delphinium gracile,Ranunculaceae,33,Delphinium,3,199,1.50753768844221,166,185,221,H,Delphinium gracile
Delphinium barbeyi,Ranunculaceae,35,Delphinium,85764,186040,46.0997634917222,170,185,221,H,Delphinium barbeyi
Delphinium nuttallianum,Ranunculaceae,35,Delphinium,52561,186040,28.2525263384218,170,154,186,A,Delphinium nuttallianum
Delphinium gracile,Ranunculaceae,35,Delphinium,22507,186040,12.0979359277575,170,185,221,H,Delphinium gracile
Viola odorata,Violaceae,35,Viola,2981,186040,1.60234358202537,170,159,198,H,Viola odorata
Trollius europaeus,Ranunculaceae,35,Trollius,2376,186040,1.2771447000645,170,162,193,H,Trollius europaeus
Dasiphora fruticosa,Rosaceae,35,Dasiphora,1655,186040,0.889593635777252,170,134,257,A,Dasiphora fruticosa
Caltha palustris,Ranunculaceae,35,Caltha,1498,186040,0.805203182111374,170,164,205,B,Caltha palustris
Mertensia fusiformis,Boraginaceae,35,Mertensia,1487,186040,0.799290475166631,170,148,190,H,Mertensia fusiformis
Aquilegia ecalcarata,Ranunculaceae,35,Aquilegia,1169,186040,0.62835949258224,170,134,257,H,Aquilegia ecalcarata
Hydrophyllum canadense,Hydrophyllaceae,35,Hydrophyllum,1080,186040,0.580520318211137,170,134,257,H,Hydrophyllum canadense
Lupinus argenteus,Fabaceae,35,Lupinus,994,186040,0.53429370027951,170,178,225,G,Lupinus argenteus
Thalictrum tuberosum,Ranunculaceae,35,Thalictrum,981,186040,0.52730595570845,170,175,225,H,Thalictrum tuberosum
Mertensia ciliata,Boraginaceae,35,Mertensia,800,186040,0.430015050526768,170,164,218,A,Mertensia ciliata
Thalictrum thalictroides,Ranunculaceae,35,Thalictrum,740,186040,0.397763921737261,170,175,225,H,Thalictrum thalictroides
Anemone chinensis,Ranunculaceae,35,Anemone,714,186040,0.383788432595141,170,163,202,H,Anemone chinensis
Delphinium nuttallianum,Ranunculaceae,36,Delphinium,14722,56427,26.0903468197849,173,154,186,A,Delphinium nuttallianum
Delphinium barbeyi,Ranunculaceae,36,Delphinium,8677,56427,15.3773902564375,173,185,221,G,Delphinium barbeyi
Lupinus argenteus,Fabaceae,36,Lupinus,6828,56427,12.1005901430166,173,178,225,G,Lupinus argenteus
Lupinus sericeus,Fabaceae,36,Lupinus,6657,56427,11.7975437290659,173,134,257,A,Lupinus sericeus
Hydrophyllum fendleri,Hydrophyllaceae,36,Hydrophyllum,3881,56427,6.87791305580662,173,134,257,A,Hydrophyllum fendleri
Mertensia ciliata,Boraginaceae,36,Mertensia,3268,56427,5.7915536888369,173,164,218,A,Mertensia ciliata
Erigeron grandiflorus,Asteraceae,36,Erigeron,1557,56427,2.75931734807805,173,134,257,H,Erigeron grandiflorus
Cynoglossum amplifolium,Boraginaceae,36,Cynoglossum,1242,56427,2.20107395395821,173,134,257,B,Cynoglossum amplifolium
Cynoglossum amplifolium,Boraginaceae,36,Cynoglossum,1242,56427,2.20107395395821,173,134,257,B,Cynoglossum amplifolium
Populus alba,Salicaceae,36,Salix,1191,56427,2.11069169014833,173,134,257,B,Salix
Taraxacum officinale,Asteraceae,36,Taraxacum,1102,56427,1.95296577879384,173,134,257,B,Taraxacum officinale
Epilobium canum,Onagraceae,36,Epilobium,806,56427,1.42839420844631,173,180,229,H,Epilobium canum
Hydrophyllum canadense,Hydrophyllaceae,36,Hydrophyllum,735,56427,1.30256791961295,173,134,257,H,Hydrophyllum canadense
Cirsium parryi,Asteraceae,36,Cirsium,705,56427,1.24940188207773,173,134,257,H,Cirsium parryi
Delphinium gracile,Ranunculaceae,36,Delphinium,610,56427,1.08104276321619,173,185,221,H,Delphinium gracile
Mertensia fusiformis,Boraginaceae,36,Mertensia,574,56427,1.01724351817392,173,148,190,H,Mertensia fusiformis
Delphinium barbeyi,Ranunculaceae,39,Delphinium,43284,96996,44.6245205987876,169,185,221,H,Delphinium barbeyi
Delphinium nuttallianum,Ranunculaceae,39,Delphinium,27134,96996,27.9743494577096,169,154,186,A,Delphinium nuttallianum
Delphinium gracile,Ranunculaceae,39,Delphinium,12847,96996,13.244876077364,169,185,221,H,Delphinium gracile
Hydrophyllum canadense,Hydrophyllaceae,39,Hydrophyllum,1544,96996,1.59181821930801,169,134,257,H,Hydrophyllum canadense
Trollius europaeus,Ranunculaceae,39,Trollius,1452,96996,1.49696894717308,169,162,193,H,Trollius europaeus
Caltha palustris,Ranunculaceae,39,Caltha,862,96996,0.888696441090354,169,164,205,B,Caltha palustris
Thalictrum tuberosum,Ranunculaceae,39,Thalictrum,783,96996,0.807249783496227,169,175,225,H,Thalictrum tuberosum
Aquilegia ecalcarata,Ranunculaceae,39,Aquilegia,697,96996,0.71858633345705,169,134,257,H,Aquilegia ecalcarata
Dasiphora fruticosa,Rosaceae,39,Dasiphora,478,96996,0.492803826961937,169,134,257,A,Dasiphora fruticosa
Taraxacum officinale,Asteraceae,39,Taraxacum,429,96996,0.442286279846592,169,134,257,B,Taraxacum officinale
Hydrophyllum fendleri,Hydrophyllaceae,39,Hydrophyllum,426,96996,0.439193368798713,169,134,257,A,Hydrophyllum fendleri
Lupinus sericeus,Fabaceae,39,Lupinus,419,96996,0.431976576353664,169,134,257,A,Lupinus sericeus
Thalictrum thalictroides,Ranunculaceae,39,Thalictrum,409,96996,0.421666872860737,169,175,225,H,Thalictrum thalictroides
Erigeron grandiflorus,Asteraceae,39,Erigeron,342,96996,0.352591859458122,169,134,257,H,Erigeron grandiflorus
Agastache pallidiflora,Lamiaceae,39,Agastache,328,96996,0.338158274568023,169,175,227,H,Agastache pallidiflora
Aquilegia ecalcarata,Ranunculaceae,40,Aquilegia,355254,704500,50.4264017033357,179,134,257,H,Aquilegia ecalcarata
Lupinus argenteus,Fabaceae,40,Lupinus,108419,704500,15.3894960965224,179,178,225,A,Lupinus argenteus
Hydrophyllum canadense,Hydrophyllaceae,40,Hydrophyllum,82143,704500,11.6597586941093,179,134,257,H,Hydrophyllum canadense
Lupinus sericeus,Fabaceae,40,Lupinus,49951,704500,7.0902767920511,179,134,257,A,Lupinus sericeus
Hydrophyllum fendleri,Hydrophyllaceae,40,Hydrophyllum,18924,704500,2.686160397445,179,134,257,A,Hydrophyllum fendleri
Vicia americana,Fabaceae,40,Vicia,16652,704500,2.36366217175302,179,161,212,A,Vicia americana
Taraxacum officinale,Asteraceae,40,Taraxacum,10436,704500,1.48133427963094,179,134,257,B,Taraxacum officinale
Thalictrum tuberosum,Ranunculaceae,40,Thalictrum,6261,704500,0.888715400993612,179,175,225,H,Thalictrum tuberosum
Viola odorata,Violaceae,40,Viola,5856,704500,0.831227821149752,179,159,198,H,Viola odorata
Thalictrum thalictroides,Ranunculaceae,40,Thalictrum,5006,704500,0.710574875798439,179,175,225,H,Thalictrum thalictroides
Delphinium barbeyi,Ranunculaceae,40,Delphinium,4630,704500,0.657203690560681,179,185,221,G,Delphinium barbeyi
Mertensia ciliata,Boraginaceae,40,Mertensia,3791,704500,0.538112136266856,179,164,218,A,Mertensia ciliata
Delphinium nuttallianum,Ranunculaceae,40,Delphinium,3273,704500,0.46458481192335,179,154,186,A,Delphinium nuttallianum
Erigeron grandiflorus,Asteraceae,40,Erigeron,2861,704500,0.40610361958836,179,134,257,H,Erigeron grandiflorus
Symphyotrichum foliaceum,Asteraceae,40,Symphyotrichum,2380,704500,0.337828246983676,179,134,257,B,Symphyotrichum foliaceum
Mertensia fusiformis,Boraginaceae,41,Mertensia,155213,465275,33.3594111009618,179,148,190,H,Mertensia fusiformis
Mertensia ciliata,Boraginaceae,41,Mertensia,110749,465275,23.8029122561926,179,164,218,A,Mertensia ciliata
Lupinus argenteus,Fabaceae,41,Lupinus,91466,465275,19.6584815431734,179,178,225,A,Lupinus argenteus
Cynoglossum pringlei,Boraginaceae,41,Cynoglossum,22166,465275,4.76406426307023,179,134,257,B,Cynoglossum pringlei
Cynoglossum pringlei,Boraginaceae,41,Cynoglossum,22166,465275,4.76406426307023,179,134,257,B,Cynoglossum pringlei
Erigeron grandiflorus,Asteraceae,41,Erigeron,14804,465275,3.18177421954758,179,134,257,H,Erigeron grandiflorus
Cynoglossum anchusoides,Boraginaceae,41,Cynoglossum,13465,465275,2.89398742679061,179,134,257,B,Cynoglossum anchusoides
Cynoglossum anchusoides,Boraginaceae,41,Cynoglossum,13465,465275,2.89398742679061,179,134,257,B,Cynoglossum anchusoides
Cynoglossum amplifolium,Boraginaceae,41,Cynoglossum,11075,465275,2.38031271828489,179,134,257,B,Cynoglossum amplifolium
Cynoglossum amplifolium,Boraginaceae,41,Cynoglossum,11075,465275,2.38031271828489,179,134,257,B,Cynoglossum amplifolium
Hydrophyllum canadense,Hydrophyllaceae,41,Hydrophyllum,9011,465275,1.93670409972597,179,134,257,H,Hydrophyllum canadense
Viola odorata,Violaceae,41,Viola,6725,465275,1.44538176347321,179,159,198,H,Viola odorata
Lithophragma parviflorum,Saxifragaceae,41,Lithophragma,4939,465275,1.06152275535973,179,134,257,B,Lithophragma parviflorum
Hydrophyllum fendleri,Hydrophyllaceae,41,Hydrophyllum,4659,465275,1.00134329160174,179,134,257,A,Hydrophyllum fendleri
Campanula rotundifolia,Campanulaceae,41,Campanula,4227,465275,0.908494976089409,179,191,234,H,Campanula rotundifolia
Taraxacum officinale,Asteraceae,41,Taraxacum,3189,465275,0.68540110687228,179,134,257,B,Taraxacum officinale
Lupinus sericeus,Fabaceae,41,Lupinus,1830,465275,0.393315780989737,179,134,257,A,Lupinus sericeus
Epilobium canum,Onagraceae,41,Epilobium,1222,465275,0.262640373972382,179,180,229,H,Epilobium canum
Delphinium barbeyi,Ranunculaceae,42,Delphinium,19980,64883,30.7938905414361,165,185,221,H,Delphinium barbeyi
Delphinium nuttallianum,Ranunculaceae,42,Delphinium,15563,64883,23.9862521769955,165,154,186,A,Delphinium nuttallianum
Delphinium gracile,Ranunculaceae,42,Delphinium,4772,64883,7.35477706024691,165,185,221,H,Delphinium gracile
Arenaria globiflora,Caryophyllaceae,42,Arenaria,2036,64883,3.13795601313133,165,134,257,B,Arenaria globiflora
Mertensia fusiformis,Boraginaceae,42,Mertensia,2007,64883,3.09326017600912,165,148,190,H,Mertensia fusiformis
Holodiscus argenteus,Rosaceae,42,Holodiscus,1577,64883,2.43052879799023,165,134,257,B,Holodiscus argenteus
Scabrethia scabra,Asteraceae,42,Scabrethia,1445,64883,2.22708567729606,165,134,257,A,Scabrethia scabra
Scabrethia scabra,NA,42,Scabrethia,1445,64883,2.22708567729606,165,NA,NA,None met,Scabrethia scabra
Sagina procumbens,Caryophyllaceae,42,Sagina,1343,64883,2.06987962948692,165,178,228,H,Sagina procumbens
Rhodiola rosea,Crassulaceae,42,Rhodiola,1053,64883,1.62292125826488,165,168,225,H,Rhodiola rosea
Geum ternatum,Rosaceae,42,Geum,974,64883,1.50116363300094,165,134,257,H,Geum ternatum
Mertensia ciliata,Boraginaceae,42,Mertensia,955,64883,1.47188015350708,165,164,218,A,Mertensia ciliata
Epilobium canum,Onagraceae,42,Epilobium,898,64883,1.38402971502551,165,180,229,H,Epilobium canum
Minuartia recurva,Caryophyllaceae,42,Minuartia,696,64883,1.07270009093291,165,181,225,H,Minuartia recurva
Minuartia recurva,NA,42,Minuartia,696,64883,1.07270009093291,165,NA,NA,None met,Minuartia recurva
Erigeron grandiflorus,Asteraceae,42,Erigeron,663,64883,1.02183931075937,165,134,257,H,Erigeron grandiflorus
Lupinus argenteus,Fabaceae,42,Lupinus,646,64883,0.995638302791178,165,178,225,G,Lupinus argenteus
Mertensia ciliata,Boraginaceae,43,Mertensia,48329,113944,42.4146949378642,171,164,218,A,Mertensia ciliata
Mertensia fusiformis,Boraginaceae,43,Mertensia,25975,113944,22.7962858948255,171,148,190,H,Mertensia fusiformis
Hydrophyllum fendleri,Hydrophyllaceae,43,Hydrophyllum,11728,113944,10.2927753984413,171,134,257,A,Hydrophyllum fendleri
Lupinus argenteus,Fabaceae,43,Lupinus,5472,113944,4.80235905357017,171,178,225,G,Lupinus argenteus
Erigeron grandiflorus,Asteraceae,43,Erigeron,3974,113944,3.4876781576915,171,134,257,H,Erigeron grandiflorus
Epilobium canum,Onagraceae,43,Epilobium,3260,113944,2.86105455311381,171,180,229,H,Epilobium canum
Hydrophyllum canadense,Hydrophyllaceae,43,Hydrophyllum,2346,113944,2.05890612932669,171,134,257,H,Hydrophyllum canadense
Lupinus sericeus,Fabaceae,43,Lupinus,1910,113944,1.67626202345012,171,134,257,A,Lupinus sericeus
Taraxacum officinale,Asteraceae,43,Taraxacum,1334,113944,1.17075054412694,171,134,257,B,Taraxacum officinale
Cynoglossum pringlei,Boraginaceae,43,Cynoglossum,861,113944,0.755634346696623,171,134,257,B,Cynoglossum pringlei
Cynoglossum pringlei,Boraginaceae,43,Cynoglossum,861,113944,0.755634346696623,171,134,257,B,Cynoglossum pringlei
Cirsium parryi,Asteraceae,43,Cirsium,838,113944,0.735448992487538,171,134,257,H,Cirsium parryi
Symphyotrichum foliaceum,Asteraceae,43,Symphyotrichum,808,113944,0.709120269606122,171,134,257,B,Symphyotrichum foliaceum
Cynoglossum anchusoides,Boraginaceae,43,Cynoglossum,673,113944,0.590641016639753,171,134,257,B,Cynoglossum anchusoides
Cynoglossum anchusoides,Boraginaceae,43,Cynoglossum,673,113944,0.590641016639753,171,134,257,B,Cynoglossum anchusoides
Agastache pallidiflora,Lamiaceae,43,Agastache,662,113944,0.580987151583234,171,175,227,H,Agastache pallidiflora
Cynoglossum amplifolium,Boraginaceae,43,Cynoglossum,617,113944,0.541494067261111,171,134,257,B,Cynoglossum amplifolium
Cynoglossum amplifolium,Boraginaceae,43,Cynoglossum,617,113944,0.541494067261111,171,134,257,B,Cynoglossum amplifolium
Delphinium barbeyi,Ranunculaceae,44,Delphinium,49565,215463,23.0039496340439,181,185,221,G,Delphinium barbeyi
Mertensia ciliata,Boraginaceae,44,Mertensia,47165,215463,21.8900692926396,181,164,218,A,Mertensia ciliata
Delphinium nuttallianum,Ranunculaceae,44,Delphinium,33866,215463,15.7177798508329,181,154,186,A,Delphinium nuttallianum
Mertensia fusiformis,Boraginaceae,44,Mertensia,26976,215463,12.5200150373846,181,148,190,H,Mertensia fusiformis
Delphinium gracile,Ranunculaceae,44,Delphinium,12683,215463,5.88639348751294,181,185,221,H,Delphinium gracile
Epilobium canum,Onagraceae,44,Epilobium,6733,215463,3.12489847444805,181,180,229,H,Epilobium canum
Lupinus argenteus,Fabaceae,44,Lupinus,5601,215463,2.59951824675234,181,178,225,A,Lupinus argenteus
Erigeron grandiflorus,Asteraceae,44,Erigeron,4438,215463,2.05975039798016,181,134,257,H,Erigeron grandiflorus
Lupinus sericeus,Fabaceae,44,Lupinus,2207,215463,1.02430579728306,181,134,257,A,Lupinus sericeus
Taraxacum officinale,Asteraceae,44,Taraxacum,1458,215463,0.676682307403127,181,134,257,B,Taraxacum officinale
Trollius europaeus,Ranunculaceae,44,Trollius,1434,215463,0.665543503989084,181,162,193,H,Trollius europaeus
Pseudognaphalium attenuatum,Asteraceae,44,Pseudognaphalium,1360,215463,0.631198860129117,181,134,257,B,Pseudognaphalium attenuatum
Cirsium parryi,Asteraceae,44,Cirsium,1273,215463,0.590820697753211,181,134,257,H,Cirsium parryi
Cynoglossum pringlei,Boraginaceae,44,Cynoglossum,1211,215463,0.562045455600266,181,134,257,B,Cynoglossum pringlei
Cynoglossum pringlei,Boraginaceae,44,Cynoglossum,1211,215463,0.562045455600266,181,134,257,B,Cynoglossum pringlei
Caltha palustris,Ranunculaceae,44,Caltha,1041,215463,0.483145598084126,181,164,205,B,Caltha palustris
Populus alba,Salicaceae,45,Salix,23,96,23.9583333333333,163,134,257,B,Salix
Lupinus argenteus,Fabaceae,45,Lupinus,14,96,14.5833333333333,163,178,225,H,Lupinus argenteus
Hydrophyllum fendleri,Hydrophyllaceae,45,Hydrophyllum,9,96,9.375,163,134,257,A,Hydrophyllum fendleri
Mertensia ciliata,Boraginaceae,45,Mertensia,8,96,8.33333333333333,163,164,218,G,Mertensia ciliata
Erigeron grandiflorus,Asteraceae,45,Erigeron,7,96,7.29166666666667,163,134,257,H,Erigeron grandiflorus
Odontostemma leucasterium,Caryophyllaceae,45,Pseudostellaria,7,96,7.29166666666667,163,NA,NA,None met,Pseudostellaria jamesiana
Odontostemma leucasterium,NA,45,Pseudostellaria,7,96,7.29166666666667,163,NA,NA,None met,Pseudostellaria jamesiana
Symphyotrichum foliaceum,Asteraceae,45,Symphyotrichum,3,96,3.125,163,134,257,B,Symphyotrichum foliaceum
Taraxacum officinale,Asteraceae,45,Taraxacum,3,96,3.125,163,134,257,B,Taraxacum officinale
Mertensia fusiformis,Boraginaceae,45,Mertensia,3,96,3.125,163,148,190,H,Mertensia fusiformis
Agastache pallidiflora,Lamiaceae,45,Agastache,3,96,3.125,163,175,227,H,Agastache pallidiflora
Heterotheca villosa,Asteraceae,45,Heterotheca,3,96,3.125,163,197,232,H,Heterotheca villosa
Lupinus sericeus,Fabaceae,45,Lupinus,2,96,2.08333333333333,163,134,257,A,Lupinus sericeus
Hydrophyllum canadense,Hydrophyllaceae,45,Hydrophyllum,2,96,2.08333333333333,163,134,257,H,Hydrophyllum canadense
Cynoglossum pringlei,Boraginaceae,45,Cynoglossum,1,96,1.04166666666667,163,134,257,B,Cynoglossum pringlei
Cynoglossum pringlei,Boraginaceae,45,Cynoglossum,1,96,1.04166666666667,163,134,257,B,Cynoglossum pringlei
Delphinium barbeyi,Ranunculaceae,45,Delphinium,1,96,1.04166666666667,163,185,221,H,Delphinium barbeyi
Populus alba,Salicaceae,46,Salix,697843,865021,80.6735327812851,163,134,257,B,Salix
Mertensia fusiformis,Boraginaceae,46,Mertensia,50588,865021,5.84818172044378,163,148,190,H,Mertensia fusiformis
Mertensia ciliata,Boraginaceae,46,Mertensia,19883,865021,2.29855691364718,163,164,218,G,Mertensia ciliata
Lupinus argenteus,Fabaceae,46,Lupinus,16336,865021,1.88850906509784,163,178,225,H,Lupinus argenteus
Hydrophyllum canadense,Hydrophyllaceae,46,Hydrophyllum,12924,865021,1.49406777407716,163,134,257,H,Hydrophyllum canadense
Hydrophyllum fendleri,Hydrophyllaceae,46,Hydrophyllum,8129,865021,0.939745971485085,163,134,257,A,Hydrophyllum fendleri
Erigeron grandiflorus,Asteraceae,46,Erigeron,4293,865021,0.496288529411425,163,134,257,H,Erigeron grandiflorus
Cynoglossum pringlei,Boraginaceae,46,Cynoglossum,3826,865021,0.442301400775241,163,134,257,B,Cynoglossum pringlei
Cynoglossum pringlei,Boraginaceae,46,Cynoglossum,3826,865021,0.442301400775241,163,134,257,B,Cynoglossum pringlei
Cynoglossum anchusoides,Boraginaceae,46,Cynoglossum,2699,865021,0.312015546443381,163,134,257,B,Cynoglossum anchusoides
Cynoglossum anchusoides,Boraginaceae,46,Cynoglossum,2699,865021,0.312015546443381,163,134,257,B,Cynoglossum anchusoides
Cynoglossum amplifolium,Boraginaceae,46,Cynoglossum,2506,865021,0.289703949383888,163,134,257,B,Cynoglossum amplifolium
Cynoglossum amplifolium,Boraginaceae,46,Cynoglossum,2506,865021,0.289703949383888,163,134,257,B,Cynoglossum amplifolium
Lupinus sericeus,Fabaceae,46,Lupinus,2355,865021,0.272247725777756,163,134,257,A,Lupinus sericeus
Epilobium canum,Onagraceae,46,Epilobium,2084,865021,0.240919006590591,163,180,229,H,Epilobium canum
Taraxacum officinale,Asteraceae,46,Taraxacum,2031,865021,0.234791987708969,163,134,257,B,Taraxacum officinale
Arenaria globiflora,Caryophyllaceae,46,Arenaria,1872,865021,0.216410931064101,163,134,257,B,Arenaria globiflora
Symphyotrichum foliaceum,Asteraceae,46,Symphyotrichum,1620,865021,0.187278690343934,163,134,257,B,Symphyotrichum foliaceum
Delphinium barbeyi,Ranunculaceae,49,Delphinium,29330,51626,56.8124588385697,190,185,221,A,Delphinium barbeyi
Delphinium nuttallianum,Ranunculaceae,49,Delphinium,9025,51626,17.4815015689769,190,154,186,G,Delphinium nuttallianum
Delphinium gracile,Ranunculaceae,49,Delphinium,4484,51626,8.68554604269167,190,185,221,H,Delphinium gracile
Viola odorata,Violaceae,49,Viola,3948,51626,7.64730949521559,190,159,198,H,Viola odorata
Lithophragma parviflorum,Saxifragaceae,49,Lithophragma,452,51626,0.875527834811917,190,134,257,B,Lithophragma parviflorum
Arenaria globiflora,Caryophyllaceae,49,Arenaria,432,51626,0.836787665129973,190,134,257,H,Arenaria globiflora
Trollius europaeus,Ranunculaceae,49,Trollius,384,51626,0.74381125789331,190,162,193,H,Trollius europaeus
Vicia americana,Fabaceae,49,Vicia,364,51626,0.705071088211366,190,161,212,A,Vicia americana
Caltha palustris,Ranunculaceae,49,Caltha,278,51626,0.538488358579011,190,164,205,B,Caltha palustris
Aquilegia ecalcarata,Ranunculaceae,49,Aquilegia,194,51626,0.375779645914849,190,134,257,H,Aquilegia ecalcarata
Epilobium canum,Onagraceae,49,Epilobium,181,51626,0.350598535621586,190,180,229,H,Epilobium canum
Thalictrum thalictroides,Ranunculaceae,49,Thalictrum,175,51626,0.338976484717003,190,175,225,H,Thalictrum thalictroides
Erigeron grandiflorus,Asteraceae,49,Erigeron,157,51626,0.304110332003254,190,134,257,H,Erigeron grandiflorus
Thalictrum tuberosum,Ranunculaceae,49,Thalictrum,141,51626,0.2731181962577,190,175,225,H,Thalictrum tuberosum
Cynoglossum amplifolium,Boraginaceae,49,Cynoglossum,140,51626,0.271181187773602,190,134,257,B,Cynoglossum amplifolium
Cynoglossum amplifolium,Boraginaceae,49,Cynoglossum,140,51626,0.271181187773602,190,134,257,B,Cynoglossum amplifolium
Delphinium barbeyi,Ranunculaceae,51,Delphinium,25209,51748,48.714926180722,166,185,221,H,Delphinium barbeyi
Delphinium nuttallianum,Ranunculaceae,51,Delphinium,11957,51748,23.1062070031692,166,154,186,A,Delphinium nuttallianum
Delphinium gracile,Ranunculaceae,51,Delphinium,5578,51748,10.7791605472675,166,185,221,H,Delphinium gracile
Viola odorata,Violaceae,51,Viola,3341,51748,6.45628816572621,166,159,198,H,Viola odorata
Lithophragma parviflorum,Saxifragaceae,51,Lithophragma,556,51748,1.07443765942645,166,134,257,B,Lithophragma parviflorum
Trollius europaeus,Ranunculaceae,51,Trollius,453,51748,0.875396150575868,166,162,193,H,Trollius europaeus
Caltha palustris,Ranunculaceae,51,Caltha,413,51748,0.798098477235835,166,164,205,B,Caltha palustris
Helianthella quinquenervis,Asteraceae,51,Helianthella,309,51748,0.597124526551751,166,134,257,B,Helianthella quinquenervis
Dasiphora fruticosa,Rosaceae,51,Dasiphora,282,51748,0.544948597047229,166,134,257,A,Dasiphora fruticosa
Aquilegia ecalcarata,Ranunculaceae,51,Aquilegia,238,51748,0.459921156373193,166,134,257,H,Aquilegia ecalcarata
Thalictrum tuberosum,Ranunculaceae,51,Thalictrum,222,51748,0.42900208703718,166,175,225,H,Thalictrum tuberosum
Arenaria globiflora,Caryophyllaceae,51,Arenaria,216,51748,0.417407436036175,166,134,257,B,Arenaria globiflora
Cynoglossum amplifolium,Boraginaceae,51,Cynoglossum,208,51748,0.401947901368169,166,134,257,B,Cynoglossum amplifolium
Cynoglossum amplifolium,Boraginaceae,51,Cynoglossum,208,51748,0.401947901368169,166,134,257,B,Cynoglossum amplifolium
Thalictrum thalictroides,Ranunculaceae,51,Thalictrum,196,51748,0.378758599366159,166,175,225,H,Thalictrum thalictroides
Anemone chinensis,Ranunculaceae,51,Anemone,139,51748,0.268609414856613,166,163,202,H,Anemone chinensis
Lupinus argenteus,Fabaceae,52,Lupinus,45605,128442,35.5062985627754,163,178,225,H,Lupinus argenteus
Lupinus sericeus,Fabaceae,52,Lupinus,27384,128442,21.3201289297893,163,134,257,A,Lupinus sericeus
Mertensia ciliata,Boraginaceae,52,Mertensia,10263,128442,7.99037697949269,163,164,218,G,Mertensia ciliata
Arenaria globiflora,Caryophyllaceae,52,Arenaria,3315,128442,2.58093147101415,163,134,257,B,Arenaria globiflora
Delphinium barbeyi,Ranunculaceae,52,Delphinium,2890,128442,2.25004282088413,163,185,221,H,Delphinium barbeyi
Scabrethia scabra,Asteraceae,52,Scabrethia,2815,128442,2.19165070615531,163,134,257,A,Scabrethia scabra
Scabrethia scabra,NA,52,Scabrethia,2815,128442,2.19165070615531,163,NA,NA,None met,Scabrethia scabra
Mertensia fusiformis,Boraginaceae,52,Mertensia,2674,128442,2.08187353046511,163,148,190,H,Mertensia fusiformis
Delphinium nuttallianum,Ranunculaceae,52,Delphinium,2632,128442,2.04917394621697,163,154,186,A,Delphinium nuttallianum
Erigeron grandiflorus,Asteraceae,52,Erigeron,2504,128442,1.9495180704131,163,134,257,H,Erigeron grandiflorus
Holodiscus argenteus,Rosaceae,52,Holodiscus,2138,128442,1.66456455053643,163,134,257,B,Holodiscus argenteus
Sagina procumbens,Caryophyllaceae,52,Sagina,1727,128442,1.34457576182246,163,178,228,H,Sagina procumbens
Epilobium canum,Onagraceae,52,Epilobium,1685,128442,1.31187617757431,163,180,229,H,Epilobium canum
Rhodiola rosea,Crassulaceae,52,Rhodiola,1603,128442,1.24803413213746,163,168,225,H,Rhodiola rosea
Hydrophyllum canadense,Hydrophyllaceae,52,Hydrophyllum,1557,128442,1.21222030177045,163,134,257,H,Hydrophyllum canadense
Agastache pallidiflora,Lamiaceae,52,Agastache,1553,128442,1.20910605565158,163,175,227,H,Agastache pallidiflora
Hydrophyllum canadense,Hydrophyllaceae,54,Hydrophyllum,8647,46804,18.4749166737886,190,134,257,H,Hydrophyllum canadense
Hydrophyllum fendleri,Hydrophyllaceae,54,Hydrophyllum,7316,46804,15.6311426373814,190,134,257,A,Hydrophyllum fendleri
Lupinus argenteus,Fabaceae,54,Lupinus,3603,46804,7.69805999487223,190,178,225,A,Lupinus argenteus
Arenaria globiflora,Caryophyllaceae,54,Arenaria,2981,46804,6.36911375096146,190,134,257,H,Arenaria globiflora
Holodiscus argenteus,Rosaceae,54,Holodiscus,2698,46804,5.76446457567729,190,134,257,B,Holodiscus argenteus
Sagina procumbens,Caryophyllaceae,54,Sagina,2367,46804,5.05726006324246,190,178,228,B,Sagina procumbens
Lupinus sericeus,Fabaceae,54,Lupinus,2103,46804,4.49320570891377,190,134,257,A,Lupinus sericeus
Scabrethia scabra,Asteraceae,54,Scabrethia,1776,46804,3.79454747457482,190,134,257,A,Scabrethia scabra
Scabrethia scabra,NA,54,Scabrethia,1776,46804,3.79454747457482,190,NA,NA,None met,Scabrethia scabra
Minuartia recurva,Caryophyllaceae,54,Minuartia,1465,46804,3.13007435261943,190,181,225,H,Minuartia recurva
Minuartia recurva,NA,54,Minuartia,1465,46804,3.13007435261943,190,NA,NA,None met,Minuartia recurva
Geum ternatum,Rosaceae,54,Geum,1350,46804,2.88436885736262,190,134,257,H,Geum ternatum
Rhodiola rosea,Crassulaceae,54,Rhodiola,959,46804,2.04897017348945,190,168,225,B,Rhodiola rosea
Stellaria holostea,Caryophyllaceae,54,Stellaria,943,46804,2.01478506110589,190,134,257,H,Stellaria holostea
Epilobium canum,Onagraceae,54,Epilobium,921,46804,1.9677805315785,190,180,229,H,Epilobium canum
Symphyotrichum foliaceum,Asteraceae,54,Symphyotrichum,916,46804,1.95709768395864,190,134,257,B,Symphyotrichum foliaceum
Mertensia ciliata,Boraginaceae,54,Mertensia,721,46804,1.54046662678404,190,164,218,A,Mertensia ciliata
Mertensia fusiformis,Boraginaceae,55,Mertensia,171249,459295,37.285187080199,169,148,190,H,Mertensia fusiformis
Lupinus argenteus,Fabaceae,55,Lupinus,69708,459295,15.1771737118845,169,178,225,G,Lupinus argenteus
Mertensia ciliata,Boraginaceae,55,Mertensia,50459,459295,10.9861853492853,169,164,218,A,Mertensia ciliata
Delphinium barbeyi,Ranunculaceae,55,Delphinium,38965,459295,8.4836542962584,169,185,221,H,Delphinium barbeyi
Delphinium nuttallianum,Ranunculaceae,55,Delphinium,23212,459295,5.05383250416399,169,154,186,A,Delphinium nuttallianum
Hydrophyllum canadense,Hydrophyllaceae,55,Hydrophyllum,19350,459295,4.21297858674708,169,134,257,H,Hydrophyllum canadense
Cynoglossum pringlei,Boraginaceae,55,Cynoglossum,15992,459295,3.481858065078,169,134,257,B,Cynoglossum pringlei
Cynoglossum pringlei,Boraginaceae,55,Cynoglossum,15992,459295,3.481858065078,169,134,257,B,Cynoglossum pringlei
Cynoglossum anchusoides,Boraginaceae,55,Cynoglossum,9915,459295,2.1587432913487,169,134,257,B,Cynoglossum anchusoides
Cynoglossum anchusoides,Boraginaceae,55,Cynoglossum,9915,459295,2.1587432913487,169,134,257,B,Cynoglossum anchusoides
Delphinium gracile,Ranunculaceae,55,Delphinium,9325,459295,2.03028554632644,169,185,221,H,Delphinium gracile
Cynoglossum amplifolium,Boraginaceae,55,Cynoglossum,9098,459295,1.9808619732416,169,134,257,B,Cynoglossum amplifolium
Cynoglossum amplifolium,Boraginaceae,55,Cynoglossum,9098,459295,1.9808619732416,169,134,257,B,Cynoglossum amplifolium
Lupinus sericeus,Fabaceae,55,Lupinus,8490,459295,1.8484851783712,169,134,257,A,Lupinus sericeus
Erigeron grandiflorus,Asteraceae,55,Erigeron,7667,459295,1.66929751031472,169,134,257,H,Erigeron grandiflorus
Hydrophyllum fendleri,Hydrophyllaceae,55,Hydrophyllum,3358,459295,0.73112052166908,169,134,257,A,Hydrophyllum fendleri
Populus alba,Salicaceae,55,Salix,2146,459295,0.467237831894534,169,134,257,B,Salix
Campanula rotundifolia,Campanulaceae,55,Campanula,2022,459295,0.440239932940703,169,191,234,H,Campanula rotundifolia
Hydrophyllum canadense,Hydrophyllaceae,56,Hydrophyllum,87597,238216,36.7720891963596,169,134,257,H,Hydrophyllum canadense
Lupinus argenteus,Fabaceae,56,Lupinus,73459,238216,30.8371394028949,169,178,225,G,Lupinus argenteus
Lupinus sericeus,Fabaceae,56,Lupinus,32940,238216,13.8277865466635,169,134,257,A,Lupinus sericeus
Hydrophyllum fendleri,Hydrophyllaceae,56,Hydrophyllum,21700,238216,9.10937972260469,169,134,257,A,Hydrophyllum fendleri
Mertensia ciliata,Boraginaceae,56,Mertensia,2249,238216,0.944101151895758,169,164,218,A,Mertensia ciliata
Lathyrus lanszwertii,Fabaceae,56,Lathyrus,2179,238216,0.914716056016389,169,134,257,A,Lathyrus lanszwertii
Symphyotrichum foliaceum,Asteraceae,56,Symphyotrichum,2024,238216,0.849649057997784,169,134,257,B,Symphyotrichum foliaceum
Erigeron grandiflorus,Asteraceae,56,Erigeron,1934,238216,0.811868220438594,169,134,257,H,Erigeron grandiflorus
Nemophila menziesii,Boraginaceae,56,Nemophila,1522,238216,0.638915941834302,169,134,257,B,Nemophila menziesii
Taraxacum officinale,Asteraceae,56,Taraxacum,1142,238216,0.479396849917722,169,134,257,B,Taraxacum officinale
Arenaria globiflora,Caryophyllaceae,56,Arenaria,680,238216,0.28545521711388,169,134,257,B,Arenaria globiflora
Agastache pallidiflora,Lamiaceae,56,Agastache,588,238216,0.246834805386708,169,175,227,H,Agastache pallidiflora
Mertensia fusiformis,Boraginaceae,56,Mertensia,546,238216,0.229203747859086,169,148,190,H,Mertensia fusiformis
Hydrophyllum capitatum,Hydrophyllaceae,56,Hydrophyllum,528,238216,0.221647580347248,169,134,257,A,Hydrophyllum capitatum
Scabrethia scabra,Asteraceae,56,Scabrethia,413,238216,0.173372065688283,169,134,257,A,Scabrethia scabra
Scabrethia scabra,NA,56,Scabrethia,413,238216,0.173372065688283,169,NA,NA,None met,Scabrethia scabra
Lupinus argenteus,Fabaceae,60,Lupinus,66600,203085,32.7941502326612,180,178,225,A,Lupinus argenteus
Hydrophyllum canadense,Hydrophyllaceae,60,Hydrophyllum,52450,203085,25.8266243198661,180,134,257,H,Hydrophyllum canadense
Lupinus sericeus,Fabaceae,60,Lupinus,33638,203085,16.5635078907846,180,134,257,A,Lupinus sericeus
Hydrophyllum fendleri,Hydrophyllaceae,60,Hydrophyllum,26463,203085,13.0305044685723,180,134,257,A,Hydrophyllum fendleri
Mertensia ciliata,Boraginaceae,60,Mertensia,6834,203085,3.36509343378388,180,164,218,A,Mertensia ciliata
Aquilegia ecalcarata,Ranunculaceae,60,Aquilegia,2031,203085,1.00007386069872,180,134,257,H,Aquilegia ecalcarata
Erigeron grandiflorus,Asteraceae,60,Erigeron,1778,203085,0.875495482187262,180,134,257,H,Erigeron grandiflorus
Lathyrus lanszwertii,Fabaceae,60,Lathyrus,1517,203085,0.746977866410616,180,134,257,A,Lathyrus lanszwertii
Viola odorata,Violaceae,60,Viola,1034,203085,0.5091464165251,180,159,198,H,Viola odorata
Hydrophyllum capitatum,Hydrophyllaceae,60,Hydrophyllum,888,203085,0.437255336435483,180,134,257,A,Hydrophyllum capitatum
Nemophila menziesii,Boraginaceae,60,Nemophila,869,203085,0.427899647930669,180,134,257,B,Nemophila menziesii
Taraxacum officinale,Asteraceae,60,Taraxacum,845,203085,0.416081936135116,180,134,257,B,Taraxacum officinale
Symphyotrichum foliaceum,Asteraceae,60,Symphyotrichum,805,203085,0.396385749809193,180,134,257,B,Symphyotrichum foliaceum
Vicia americana,Fabaceae,60,Vicia,423,203085,0.208287170396632,180,161,212,A,Vicia americana
Cynoglossum amplifolium,Boraginaceae,60,Cynoglossum,401,203085,0.197454267917375,180,134,257,B,Cynoglossum amplifolium
Cynoglossum amplifolium,Boraginaceae,60,Cynoglossum,401,203085,0.197454267917375,180,134,257,B,Cynoglossum amplifolium
Mertensia ciliata,Boraginaceae,65,Mertensia,45750,128021,35.7363245092602,176,164,218,A,Mertensia ciliata
Mertensia fusiformis,Boraginaceae,65,Mertensia,25958,128021,20.2763609095383,176,148,190,H,Mertensia fusiformis
Hydrophyllum fendleri,Hydrophyllaceae,65,Hydrophyllum,10493,128021,8.19631154263753,176,134,257,A,Hydrophyllum fendleri
Viola odorata,Violaceae,65,Viola,9929,128021,7.75575882081846,176,159,198,H,Viola odorata
Lupinus argenteus,Fabaceae,65,Lupinus,5251,128021,4.10167081963115,176,178,225,G,Lupinus argenteus
Erigeron grandiflorus,Asteraceae,65,Erigeron,4136,128021,3.23071996000656,176,134,257,H,Erigeron grandiflorus
Cynoglossum amplifolium,Boraginaceae,65,Cynoglossum,3913,128021,3.05652978808164,176,134,257,B,Cynoglossum amplifolium
Cynoglossum amplifolium,Boraginaceae,65,Cynoglossum,3913,128021,3.05652978808164,176,134,257,B,Cynoglossum amplifolium
Populus alba,Salicaceae,65,Salix,2929,128021,2.28790589043985,176,134,257,B,Salix
Hydrophyllum canadense,Hydrophyllaceae,65,Hydrophyllum,1937,128021,1.51303301802048,176,134,257,H,Hydrophyllum canadense
Lupinus sericeus,Fabaceae,65,Lupinus,1854,128021,1.44819990470313,176,134,257,A,Lupinus sericeus
Taraxacum officinale,Asteraceae,65,Taraxacum,1564,128021,1.22167456901602,176,134,257,B,Taraxacum officinale
Symphyotrichum foliaceum,Asteraceae,65,Symphyotrichum,1317,128021,1.02873747275838,176,134,257,B,Symphyotrichum foliaceum
Ribes rubrum,Grossulariaceae,65,Ribes,1301,128021,1.01623952320322,176,155,190,H,Ribes rubrum
Epilobium canum,Onagraceae,65,Epilobium,1259,128021,0.983432405620953,176,180,229,H,Epilobium canum
Lithophragma parviflorum,Saxifragaceae,65,Lithophragma,1111,128021,0.867826372235805,176,134,257,B,Lithophragma parviflorum
